open;high;low;close;volume;marketCap;timestamp
0.0487103725;0.0619280138;0.0491107568;0.0542878075;59.4135378071;153229.6094699791;"2010-07-13T00:00:00.000Z"
0.0735485076;0.0780314319;0.0644357282;0.069226477;535.04329908;239224.211514471;"2010-07-19T00:00:00.000Z"
0.0651144727;0.073044032;0.0604151285;0.06435698;1451.41368601;226184.887851071;"2010-07-25T00:00:00.000Z"
0.0650604214;0.0668175315;0.0482070615;0.056435737;2422.24603739;202219.1220695109;"2010-08-01T00:00:00.000Z"
0.057084511;0.0625505229;0.0472958246;0.0556737082;2450.34971776;202912.5764158309;"2010-08-07T00:00:00.000Z"
0.0587163632;0.0622853533;0.0497109957;0.058801365;4111.09895453;218804.2976322409;"2010-08-14T00:00:00.000Z"
0.0652820587;0.0665947741;0.0546320053;0.0614288771;3893.66177821;231480.905545771;"2010-08-20T00:00:00.000Z"
0.0648362733;0.06868028;0.0548301124;0.0620481007;8385.31312598;238188.706163661;"2010-08-27T00:00:00.000Z"
0.0583601811;0.0625148216;0.0471833632;0.0584348598;7603.17024732;227175.143569721;"2010-09-02T00:00:00.000Z"
0.056260824;0.0588545762;0.0467522877;0.0561015543;2184.21878505;220890.0555324609;"2010-09-08T00:00:00.000Z"
0.056750907;0.0821205781;0.0534871933;0.0748290124;3417.00058498;299085.9560685613;"2010-09-15T00:00:00.000Z"
0.0567278062;0.0699818509;0.0554614045;0.0561104679;5329.38556495;227768.176960511;"2010-09-21T00:00:00.000Z"
0.0568637978;0.0619787236;0.0522940609;0.0571401957;6620.29746164;236201.502484971;"2010-09-28T00:00:00.000Z"
0.05642603;0.0696914338;0.0524566628;0.0568686886;31625.2087253101;237468.006834611;"2010-10-04T00:00:00.000Z"
0.1058912888;0.1156574531;0.0950135405;0.1098296776;13181.1954474001;464687.998688682;"2010-10-11T00:00:00.000Z"
0.0951548336;0.1230475077;0.0915759965;0.0984480697;16941.8337607701;422642.0834204918;"2010-10-17T00:00:00.000Z"
0.1026762875;0.1482976891;0.1026762875;0.1186542985;12938.5293610701;518215.9801164622;"2010-10-24T00:00:00.000Z"
0.1774206436;0.1974847393;0.1667283926;0.1806763024;24814.9617455001;801312.9581272134;"2010-10-30T00:00:00.000Z"
0.225255917;0.2559415145;0.2112813129;0.2306318403;34221.8263856401;1036038.5927107744;"2010-11-05T00:00:00.000Z"
0.2173219615;0.2547732097;0.1927590555;0.2412578222;38050.4884859702;1102372.3320438748;"2010-11-12T00:00:00.000Z"
0.252712634;0.2840769014;0.2354556956;0.2602175581;34916.0274255601;1206960.603222815;"2010-11-18T00:00:00.000Z"
0.2674585353;0.2736275404;0.2276700801;0.26134276;1565.45246607;1226120.0516398952;"2010-11-25T00:00:00.000Z"
0.201377617;0.2669925238;0.201377617;0.2317265491;7595.84331637;1100440.4210262648;"2010-12-01T00:00:00.000Z"
0.2157122674;0.2590081571;0.2089867795;0.2211923638;3201.92482717;1067701.0707803946;"2010-12-08T00:00:00.000Z"
0.2146423022;0.259040685;0.2012776254;0.2248398967;9750.96905203;1096830.8481618448;"2010-12-14T00:00:00.000Z"
0.2475114838;0.2836519767;0.2250889563;0.249549556;8633.78475505;1232734.7769005452;"2010-12-21T00:00:00.000Z"
0.2430246766;0.2780483586;0.2170081355;0.2513875982;4611.91568572;1253575.6859681252;"2010-12-27T00:00:00.000Z"
0.2802563595;0.3427400627;0.270067688;0.2800101;4993.96146616;1410599.880517506;"2011-01-02T00:00:00.000Z"
0.300247326;0.3712029307;0.2900514675;0.3002271746;1572.17270847;1528794.3091389465;"2011-01-09T00:00:00.000Z"
0.3889616566;0.3893693326;0.310634702;0.3723264339;1416.44975819;1915051.7121593782;"2011-01-15T00:00:00.000Z"
0.3617677757;0.4189739418;0.343045143;0.4140401078;9803.85362625;2154240.334390139;"2011-01-22T00:00:00.000Z"
0.3929872124;0.4500071438;0.3792127596;0.4161401182;4982.61172344;2186223.330687559;"2011-01-28T00:00:00.000Z"
0.6776884616;0.7815034009;0.604914966;0.7549727426;39383.9059158402;4010169.846004207;"2011-02-04T00:00:00.000Z"
0.9337451723;0.9594549063;0.7654410416;0.9147904393;24797.3397765401;4909657.425302521;"2011-02-10T00:00:00.000Z"
0.9928515336;1.1919373427;0.9429939619;0.9790001153;3735.94142255;5325931.957711303;"2011-02-17T00:00:00.000Z"
0.8179290188;0.8569434701;0.7048383809;0.8350644515;6277.35042483;4593793.9360662;"2011-02-23T00:00:00.000Z"
0.809590038;0.9281235589;0.7364749114;0.877540481;21097.0249723801;4881516.372917841;"2011-03-01T00:00:00.000Z"
0.8283861173;0.9099709054;0.7294216903;0.828376037;4232.60467059;4671150.34765516;"2011-03-08T00:00:00.000Z"
0.8536305306;0.9284906521;0.7814870763;0.8461213504;4922.42821928;4803723.52825335;"2011-03-14T00:00:00.000Z"
0.7566033721;0.9451234387;0.7121235531;0.726686449;3462.72623431;4158699.3834835575;"2011-03-21T00:00:00.000Z"
0.8133488003;0.9821465328;0.7386720947;0.8236674058;4985.93450996;4750028.15678779;"2011-03-27T00:00:00.000Z"
0.7345932715;0.8251147313;0.6940517105;0.738108761;3664.91219385;4301605.599462318;"2011-04-03T00:00:00.000Z"
0.7001564534;0.8139111632;0.6224257803;0.6883051473;11324.64448137;4045393.0538431373;"2011-04-09T00:00:00.000Z"
0.9153772004;1.1294539102;0.8776344804;0.9955729891;26978.0117669901;5909148.8104175255;"2011-04-16T00:00:00.000Z"
1.1283441275;1.2995358904;1.0994328233;1.2420382898;36721.5325503602;7430959.835668531;"2011-04-22T00:00:00.000Z"
1.686186437;2.1665014727;1.6069238753;2.0051155141;93434.5728636204;12103428.657547891;"2011-04-28T00:00:00.000Z"
3.273992072;3.837994977;3.0917726713;3.2035752347;14361.5500229401;19558067.080639422;"2011-05-05T00:00:00.000Z"
4.9521940023;5.2745669703;4.5305393745;5.1097702834;49113.9115450502;31518627.976928953;"2011-05-11T00:00:00.000Z"
7.6768644628;8.0292492494;6.3539366966;6.8203215379;23743.5497662001;42625816.06395247;"2011-05-18T00:00:00.000Z"
6.6246950949;8.0955103168;6.6246950949;6.9086372181;27336.1820195701;43677958.942880236;"2011-05-24T00:00:00.000Z"
8.1043545384;8.7582594649;6.9805212336;8.1906906779;42733.1067219402;52360423.537818305;"2011-05-31T00:00:00.000Z"
16.3402087454;17.8049629339;14.8404989827;17.558693267;51573.5482644602;113340048.1393177;"2011-06-06T00:00:00.000Z"
24.71419074;24.71419074;16.2927374384;19.5511242675;68547.4898500303;127679105.8096224;"2011-06-13T00:00:00.000Z"
17.2076056365;18.3152659406;14.7230466088;16.4160900638;28140.6230358601;108282582.08120562;"2011-06-19T00:00:00.000Z"
15.9185136188;16.5439326324;13.8132392853;15.9892052113;0;106542869.74422653;"2011-06-25T00:00:00.000Z"
16.0262377884;16.0382419988;13.164329123;15.4977784042;18090.6311980401;104184977.66275857;"2011-07-02T00:00:00.000Z"
13.8256664229;18.3735308903;13.594842057;14.4035322826;32573.6682697001;97496429.76464994;"2011-07-08T00:00:00.000Z"
13.1495993784;13.8290632161;11.9102804533;13.0942663212;23153.9791669801;89342506.46626382;"2011-07-15T00:00:00.000Z"
12.8458011977;13.2227874383;10.7772938704;12.9321908471;23291.3614557101;88843827.81752805;"2011-07-21T00:00:00.000Z"
13.0220595007;14.2414711077;10.4949168263;12.5934878767;30498.8400970501;87230367.96515884;"2011-07-28T00:00:00.000Z"
11.9771611271;13.1259958523;10.8758170014;11.3653255901;84349.6825038004;79272317.27592269;"2011-08-03T00:00:00.000Z"
9.1259132675;10.7288461868;8.7581891077;9.4433461574;22640.9633291001;66316134.48209106;"2011-08-10T00:00:00.000Z"
10.4373430816;11.6822268341;9.4397853436;10.7638514722;14282.1391585801;76023199.27582224;"2011-08-16T00:00:00.000Z"
10.6627819012;11.6062451787;9.7174847069;10.4898642494;34563.7373850801;74555923.41899505;"2011-08-22T00:00:00.000Z"
8.5427507741;9.525517352;7.6166053093;8.7726884693;20192.2096689101;62766612.14503456;"2011-08-29T00:00:00.000Z"
7.9380319272;8.8029115088;6.4856973346;7.7806595214;18298.2306861801;56004992.72722689;"2011-09-04T00:00:00.000Z"
4.5045019726;5.9513164647;4.3617780712;5.8589129544;134345.1031783306;42460860.44331554;"2011-09-11T00:00:00.000Z"
4.520860648;5.4545711177;4.2564678313;4.7373925797;18946.0060515201;34529314.866122164;"2011-09-17T00:00:00.000Z"
5.3126587883;6.1668137684;5.0669013064;5.3180960524;16678.4095923601;39022992.26430541;"2011-09-24T00:00:00.000Z"
4.5748809992;5.6311244394;4.3955372836;4.7524118828;38614.3168233302;35061750.33780417;"2011-09-30T00:00:00.000Z"
4.456468284;4.5677765083;3.3824604431;4.0576763129;91271.1214943204;30125304.81291815;"2011-10-07T00:00:00.000Z"
3.8752353682;3.9182199894;3.0128406615;3.788592823;18354.8207273901;28256177.71593216;"2011-10-13T00:00:00.000Z"
3.198361484;3.2227484969;2.031579082;2.2352939807;95010.7217155104;16756601.918100562;"2011-10-19T00:00:00.000Z"
2.8736871036;2.8736871036;2.1992907207;2.6842517306;27361.5322672901;20231540.830256756;"2011-10-26T00:00:00.000Z"
3.1017570474;3.432895125;2.7756048111;3.0299657246;35458.3976555902;22944794.19631821;"2011-11-01T00:00:00.000Z"
2.8154733958;2.9438039661;2.3695176528;2.8433937629;56421.2417880502;21673579.40477196;"2011-11-08T00:00:00.000Z"
2.8758790693;2.9793318809;1.9618409799;2.3515780311;356625.8848744615;18024781.922848325;"2011-11-14T00:00:00.000Z"
2.1531044641;2.347573952;1.8743513388;2.2004186667;38769.0877392702;16971444.110152483;"2011-11-21T00:00:00.000Z"
2.3600173115;2.6035596987;2.1129206066;2.3226936079;21247.8570795801;18002288.440838896;"2011-11-27T00:00:00.000Z"
2.7662861683;3.3484282676;2.5074513654;2.7113631112;88814.6582227104;21156088.52014312;"2011-12-04T00:00:00.000Z"
2.8805856938;2.9825768713;2.3982613803;2.8453898429;69438.7153299803;22333020.289555404;"2011-12-10T00:00:00.000Z"
3.0288113083;3.0288113083;2.4989336075;2.9867744;27913.5348447601;23561393.8624801;"2011-12-16T00:00:00.000Z"
3.7876612854;4.5740989123;3.5855887393;3.713313237;19084.2657052301;29483242.941664606;"2011-12-23T00:00:00.000Z"
3.9038262755;4.7827684871;3.6242756721;3.8955149411;49589.0886847502;31111676.166125264;"2011-12-29T00:00:00.000Z"
5.190602815;6.8984389796;5.190602815;6.227378077;170247.3261760907;50062904.31267364;"2012-01-05T00:00:00.000Z"
6.5693530401;7.4774115885;6.0356515307;6.4554303989;93207.6433449104;52210270.33377309;"2012-01-11T00:00:00.000Z"
6.0205330761;6.6678545917;5.4339563728;6.2893452735;210727.8823149109;51196253.23804719;"2012-01-18T00:00:00.000Z"
5.9503044429;6.94755893;5.578004498;5.9458515356;33309.5814808501;48668677.677407846;"2012-01-24T00:00:00.000Z"
5.1970851329;5.6703007085;4.6152335441;5.1798632237;45149.4725472302;42673914.68687593;"2012-01-31T00:00:00.000Z"
5.4762913425;5.6550566693;4.4689373205;5.3596954262;84103.2642821304;44397439.04261915;"2012-02-06T00:00:00.000Z"
5.2334876779;6.1049815648;4.9442073395;5.4089942844;76623.4664848703;45041743.40275955;"2012-02-12T00:00:00.000Z"
4.1792267839;4.7016269736;3.7556209244;4.1178347188;58067.4865016402;34501792.925402254;"2012-02-19T00:00:00.000Z"
4.6604402413;4.8738801615;3.9559969546;4.7464504491;80242.4290213103;39983683.275219314;"2012-02-25T00:00:00.000Z"
4.4789433694;4.7138466424;3.8072068958;4.5666581666;37502.0607041102;38707337.12125084;"2012-03-03T00:00:00.000Z"
4.6340051505;5.6886254654;4.3594722441;4.5518128711;30463.6241601401;38785656.09555955;"2012-03-09T00:00:00.000Z"
4.9973794748;6.0955211996;4.7266874669;4.9901510234;30477.4193244001;42778786.99096664;"2012-03-16T00:00:00.000Z"
4.552520886;4.9977979032;3.7882990924;4.5376834028;54336.6599302502;39115587.217550516;"2012-03-22T00:00:00.000Z"
4.4835029979;4.6115564514;3.7196682062;4.4591866501;35452.7227842302;38644983.706821896;"2012-03-28T00:00:00.000Z"
4.6687501197;4.8983674647;3.8328976544;4.5961882278;47670.4501458802;40060491.50170183;"2012-04-04T00:00:00.000Z"
4.5311423202;4.9473740857;4.0318974071;4.5066665254;49502.6495668802;39466014.82685239;"2012-04-10T00:00:00.000Z"
4.6186598877;4.9282376728;4.1275875546;4.656365777;28640.6557387701;40991734.0744068;"2012-04-17T00:00:00.000Z"
4.9080279345;5.069346056;3.8754836719;4.8120854792;46231.3009022502;42571918.730535455;"2012-04-23T00:00:00.000Z"
4.5890872463;5.2073604768;4.3845885247;4.6559712615;52114.9944611602;41438726.22813743;"2012-04-30T00:00:00.000Z"
4.7725124078;5.3598439436;4.4763195441;4.7336981358;17946.0619834101;42359852.80129035;"2012-05-06T00:00:00.000Z"
4.685336686;5.2321982781;4.3094199907;4.6176642931;13163.4708080701;41563942.628708966;"2012-05-13T00:00:00.000Z"
4.7979239684;6.158854108;4.5850899714;4.7607417072;21658.5945616001;43042698.908969834;"2012-05-19T00:00:00.000Z"
4.7859749014;5.2962234275;4.6503065545;4.804669029;21447.0562647201;43621229.764651544;"2012-05-25T00:00:00.000Z"
4.8355396572;5.2574071487;4.42048231;4.8789040187;41678.5140159802;44536160.54498809;"2012-06-01T00:00:00.000Z"
5.0920726277;5.2043355744;4.1364776699;5.1605586553;45026.2494358902;47341717.97113542;"2012-06-07T00:00:00.000Z"
5.4716131298;5.9238590197;4.4690417549;5.5576788449;32646.9842475501;51284766.75474102;"2012-06-14T00:00:00.000Z"
6.0609229369;6.5023104832;5.328610581;6.1521474274;59862.9765985303;57061269.92728014;"2012-06-20T00:00:00.000Z"
6.0023558097;6.6191036292;5.485453357;6.0709475599;39212.6517386802;56622665.47609501;"2012-06-27T00:00:00.000Z"
6.2959607454;7.6866124078;6.0322826919;6.2437667508;66505.9922129503;58505811.493411906;"2012-07-03T00:00:00.000Z"
6.4638366567;7.5400897493;5.87723633;6.5892128964;65474.1736617903;62098321.009021424;"2012-07-10T00:00:00.000Z"
7.1462672668;7.6633161275;6.3043122707;7.4452208621;96224.6961703904;70499758.02192545;"2012-07-16T00:00:00.000Z"
8.5989381795;8.5989381795;6.6518484677;7.9749311448;28075.8660334001;75876020.31105822;"2012-07-22T00:00:00.000Z"
8.3368359947;8.7209995569;6.8788853516;8.1327068584;10729.39901079;77836866.61103423;"2012-07-29T00:00:00.000Z"
9.9683333791;10.452749844;8.5618833416;10.2737583718;48917.0457774102;98802862.68651862;"2012-08-04T00:00:00.000Z"
10.8014601607;12.149851952;9.3388205058;10.7660454353;20264.7696194901;104130694.21408099;"2012-08-11T00:00:00.000Z"
12.557713637;12.7677843543;10.5753740231;11.5393629463;205992.0434926009;112150779.99293073;"2012-08-17T00:00:00.000Z"
9.5254958285;10.7339850255;8.9326636903;9.7496441002;86012.9424978004;95316176.84664926;"2012-08-24T00:00:00.000Z"
10.4403227251;12.549137945;9.8374085526;10.1663198218;28844.4657568901;99864627.99119519;"2012-08-30T00:00:00.000Z"
10.0660615801;10.53495898;8.494804598;10.1902791847;62424.7330014103;100674098.94091552;"2012-09-06T00:00:00.000Z"
10.4211434333;12.0796190814;10.0018241457;10.5706952783;54773.1023394502;104919634.18857978;"2012-09-12T00:00:00.000Z"
11.1516632112;12.2457837856;10.1564705785;11.3519065167;38197.9138036202;113202630.77465585;"2012-09-18T00:00:00.000Z"
11.4439501114;12.5443608047;10.3440969556;11.424625093;19767.8170276801;114538483.32169417;"2012-09-25T00:00:00.000Z"
11.6578454213;12.9458004767;10.9490630328;11.600569682;23170.1450834201;116834509.1969735;"2012-10-01T00:00:00.000Z"
11.3915593537;12.9267197578;10.7813093739;11.0897630025;91816.4971660904;112245729.345766;"2012-10-08T00:00:00.000Z"
11.2190527007;14.0101281164;10.8766477447;11.1001231242;21459.6473855501;112825258.97880706;"2012-10-14T00:00:00.000Z"
11.0913217161;11.6136818177;9.5111474016;10.9621582278;8759.14527682;112012017.90776463;"2012-10-21T00:00:00.000Z"
9.6279687447;10.4979208867;7.9416981181;9.9720777861;44602.7714943202;102359659.72330782;"2012-10-27T00:00:00.000Z"
10.2764379751;12.2164648148;9.7179984974;10.2693115407;15640.7574974501;105944336.65639508;"2012-11-03T00:00:00.000Z"
10.2505911761;11.9485398294;9.4097876469;10.2338767479;13668.6183621401;106047098.00167657;"2012-11-09T00:00:00.000Z"
10.2354888314;11.105384318;9.1224540787;10.3967909642;29852.3621118401;108171592.1537848;"2012-11-15T00:00:00.000Z"
11.0038156197;11.9273411794;9.983551144;11.1267909221;54361.8141709002;116334910.72439292;"2012-11-22T00:00:00.000Z"
11.6963243159;12.1914526233;9.7716025016;11.5524087849;28587.9951726301;121313721.917414;"2012-11-28T00:00:00.000Z"
12.3016030057;12.8679911954;10.4245863068;12.4683019039;27834.6279985801;131237488.46893853;"2012-12-05T00:00:00.000Z"
12.5895108933;13.1818208313;10.3610582127;12.6595611133;26166.0104780001;133509221.63864355;"2012-12-11T00:00:00.000Z"
12.485039573;12.974171576;10.409415677;12.4908912987;21698.1879897401;131996960.3391857;"2012-12-18T00:00:00.000Z"
12.4303552058;14.122083976;11.7196577162;12.5651265684;15602.3027770501;133026484.52492099;"2012-12-24T00:00:00.000Z"
12.5852712883;15.4834647545;11.8520165864;12.6271291022;13998.5542629701;134020783.75742105;"2012-12-31T00:00:00.000Z"
12.5444568762;13.314035991;11.0582862738;12.6137061647;11893.3449944701;134167643.3799997;"2013-01-06T00:00:00.000Z"
13.2082074151;14.7230992974;11.9678888073;13.351573865;24987.1399559901;142288765.7725863;"2013-01-12T00:00:00.000Z"
14.4878340927;15.5761316517;11.7956560135;14.6106099532;32348.2601392001;156045362.66412312;"2013-01-19T00:00:00.000Z"
15.9431742577;19.7842538352;14.9608428155;17.3234902058;75299.2240526103;185376250.6263242;"2013-01-25T00:00:00.000Z"
18.9114019087;21.2508441153;17.1445390644;19.1564684469;46622.8203577402;205520890.10737154;"2013-02-01T00:00:00.000Z"
19.569572145;24.3720913404;19.1474108762;20.2505119532;60078.4443704803;217749114.29164332;"2013-02-07T00:00:00.000Z"
23.4073103807;24.3762173639;20.2472390458;24.1793317156;136135.4410893806;260645035.3783184;"2013-02-14T00:00:00.000Z"
25.6715447119;30.1579833076;25.473368581;27.6581071114;34757.2243641801;298884222.969356;"2013-02-20T00:00:00.000Z"
28.5496544443;31.4594034887;23.7891165471;28.9826718353;28461.5519451401;314088475.2326733;"2013-02-27T00:00:00.000Z"
31.9954292219;36.4400201588;29.8125631283;35.5712082834;80051.0981199803;386328184.7575379;"2013-03-05T00:00:00.000Z"
43.1892515098;52.791773618;40.4375029992;44.6377945229;38685.6727304802;485904154.3127865;"2013-03-11T00:00:00.000Z"
44.5605836419;57.691812967;44.5026831441;47.6178239463;60699.2080948403;519791404.42355114;"2013-03-18T00:00:00.000Z"
64.7033405684;68.7844763422;54.933278393;66.2858480297;39120.7617575302;725615435.4999228;"2013-03-24T00:00:00.000Z"
85.8190446879;94.3474073203;78.054764992;86.3585879173;19709.9669410201;947774527.6626967;"2013-03-31T00:00:00.000Z"
130.4025210316;136.1725384048;107.2554662343;132.6919542277;17146.1944654201;1459692632.1099808;"2013-04-06T00:00:00.000Z"
109.7371407567;117.2800452702;91.0775643074;107.3375894912;222310.6867748109;1183961788.2086258;"2013-04-13T00:00:00.000Z"
97.0803780363;122.0644596193;93.2134460595;108.0583866278;239339.361001261;1194473353.5954626;"2013-04-19T00:00:00.000Z"
153.0589344219;153.0589344219;129.7512246792;130.1299607309;119956.8681928605;1442212461.9166803;"2013-04-26T00:00:00.000Z"
88.3138543432;96.0538379276;70.6383178954;80.5219647057;0;886718390.6890272;"2013-05-02T00:00:00.000Z"
83.8369146134;88.4289305578;83.8369146134;86.2963540213;0;966915935.2482215;"2013-05-08T00:00:00.000Z"
86.1229234835;90.0754433838;80.0092764378;88.6663571035;0;985406890.2203324;"2013-05-15T00:00:00.000Z"
94.6698709311;95.4376163873;94.1949013712;95.115718905;0;1066035720.3817209;"2013-05-21T00:00:00.000Z"
100.3402182575;101.1620714526;97.6064644654;100.4360012457;0;1118216945.0243564;"2013-05-28T00:00:00.000Z"
94.2742804371;94.2742804371;89.1210817455;93.5205448941;0;1057186438.2792058;"2013-06-03T00:00:00.000Z"
76.0771068474;83.2962611021;71.9112852179;80.2580925773;0;907922242.8419937;"2013-06-10T00:00:00.000Z"
74.7789622747;76.1276775619;74.1395188578;74.5225807955;0;842429395.886408;"2013-06-16T00:00:00.000Z"
82.5009507802;82.9584468561;81.0019070985;82.0998004533;0;929185276.4010675;"2013-06-23T00:00:00.000Z"
72.7538265023;76.850355748;71.4779801706;73.0105320851;0;828682287.2569364;"2013-06-29T00:00:00.000Z"
62.0462285633;62.0203116521;51.0724871212;53.3491851219;0;603793964.3771331;"2013-07-05T00:00:00.000Z"
67.9955649372;79.7484855456;67.5912299649;71.6324062747;0;815860220.4111264;"2013-07-12T00:00:00.000Z"
75.099115584;75.3106205136;65.6962098531;69.1081115671;0;789503525.8462946;"2013-07-18T00:00:00.000Z"
71.6544068947;73.7739724331;71.0296630859;73.0053503548;0;842056150.9591326;"2013-07-25T00:00:00.000Z"
81.3734335506;83.9825024665;78.1816792755;79.7729125031;0;918722925.900799;"2013-07-31T00:00:00.000Z"
80.2269652788;80.2269652788;80.2269652788;80.0224887556;0;923717232.8272959;"2013-08-07T00:00:00.000Z"
80.4980798012;82.4474089377;78.9394293776;82.1773220748;0;947289632.08186;"2013-08-13T00:00:00.000Z"
89.2522313058;92.1361707639;88.1332057563;90.3234233781;0;1052898553.4988375;"2013-08-20T00:00:00.000Z"
91.2229195137;91.7108683253;89.720954818;89.7480748717;0;1041272343.1943822;"2013-08-26T00:00:00.000Z"
102.2316358194;110.30334939;101.9819937655;104.7554114326;0;1218106775.852939;"2013-09-01T00:00:00.000Z"
94.2091661;94.6569529605;91.4882292056;92.3625900866;0;1077592646.8579235;"2013-09-08T00:00:00.000Z"
101.5723702278;102.2043380255;96.9530507954;97.2163716677;0;1137555488.6397834;"2013-09-14T00:00:00.000Z"
93.8840385655;95.1116703227;93.3589689867;94.2390181224;0;1105680481.2527733;"2013-09-21T00:00:00.000Z"
95.6031752365;99.6523966372;95.2836525719;98.9423850154;0;1166694120.263958;"2013-09-27T00:00:00.000Z"
90.5960972413;95.9578050733;90.616053794;95.1681871546;0;1116942289.311408;"2013-10-04T00:00:00.000Z"
96.6637062945;97.4074074074;95.5429037673;96.547387504;0;1141959702.0639148;"2013-10-10T00:00:00.000Z"
107.7292854264;112.6294730153;105.4256052374;105.4363927898;0;1249890419.7485206;"2013-10-16T00:00:00.000Z"
140.3498589028;155.055523784;139.567618168;155.055523784;0;1843753646.294549;"2013-10-23T00:00:00.000Z"
144.0124777339;148.5061590182;143.960269034;148.7338083173;0;1767057325.19765;"2013-10-29T00:00:00.000Z"
169.5967493258;186.0323613345;167.5703712746;182.0638496608;0;2169144624.491306;"2013-11-05T00:00:00.000Z"
243.8806892469;262.0831075234;233.3682625594;255.4188128898;0;3073997621.9740686;"2013-11-11T00:00:00.000Z"
368.3554532841;521.2413192837;367.1389380917;521.1169524914;0;6267390867.888139;"2013-11-18T00:00:00.000Z"
586.9209242275;595.5739048035;533.2472669793;571.4022140221;0;6872996574.395102;"2013-11-24T00:00:00.000Z"
830.7602060088;833.8214409115;590.050781753;703.658698164;0;8486061481.71315;"2013-12-01T00:00:00.000Z"
609.589146409;623.6882541403;467.2115381326;509.5453407785;0;6161396955.776108;"2013-12-07T00:00:00.000Z"
636.3953600035;684.9879831459;626.4020304392;649.5742792299;0;7867350344.02502;"2013-12-13T00:00:00.000Z"
508.4743065283;535.0454748639;435.4692539608;457.4061936393;0;5566231957.81147;"2013-12-20T00:00:00.000Z"
500.4316985742;568.0739171719;500.3218744999;556.4334602518;0;6789884635.252799;"2013-12-26T00:00:00.000Z"
561.7664166483;600.2561082677;561.9762833084;587.2292261771;27955766.995932598;7104208251.561592;"2014-01-02T00:00:00.000Z"
584.5560624472;640.865591547;570.4689053916;621.0169275631;54472791.3637365;7571684791.069986;"2014-01-08T00:00:00.000Z"
609.7189659815;640.5004752026;607.7980873091;633.1078279262;20570257.611241218;7729293014.490632;"2014-01-15T00:00:00.000Z"
642.0924574823;650.0922258997;632.5229032484;637.2427330121;14026358.535144713;7841319554.932074;"2014-01-21T00:00:00.000Z"
566.1351810498;609.3990191055;560.7398599713;595.1146339747;32822922.761849035;7323911178.686366;"2014-01-28T00:00:00.000Z"
611.0633376018;612.8883800287;598.9611714055;609.2966622956;10336719.56102625;7544693906.421474;"2014-02-03T00:00:00.000Z"
492.525505738;522.6519074928;480.6352233551;501.5054890314;28835472.749944985;6199097007.261791;"2014-02-09T00:00:00.000Z"
475.7487127779;485.8290544821;426.2147839706;450.0291963821;29263476.99050402;5588282568.845873;"2014-02-16T00:00:00.000Z"
418.0243067878;447.317449566;406.6244573705;440.7221248527;22751692.5092815;5479222881.633544;"2014-02-22T00:00:00.000Z"
398.4349970368;415.4325495456;390.7332111486;409.8029164987;13525648.4567454;5107291920.011593;"2014-03-01T00:00:00.000Z"
479.2309894377;480.0086767589;444.2161986205;453.4087809268;24636271.82224787;5667024826.86481;"2014-03-07T00:00:00.000Z"
460.2856424181;461.2549796588;450.8086120698;451.9514035743;8593335.25678015;5675981304.096942;"2014-03-14T00:00:00.000Z"
441.3005682255;441.3005682255;426.5541138147;427.3261863342;14889556.343634654;5343182561.699356;"2014-03-20T00:00:00.000Z"
420.9641751618;421.1534258677;342.9687144628;342.9687144628;45143209.51828206;4297457633.270458;"2014-03-27T00:00:00.000Z"
347.3769255479;359.0665216709;313.3083998919;317.5735667624;35994779.96084971;3992107443.2683244;"2014-04-02T00:00:00.000Z"
325.7262455187;332.5027340485;324.564578881;328.5136300284;7947605.879784602;4161388182.5061855;"2014-04-08T00:00:00.000Z"
331.8177109019;375.7572919778;328.2975021843;373.3425043701;35877370.783263355;4722003002.714638;"2014-04-15T00:00:00.000Z"
360.3409930297;369.7356746789;357.5993248039;359.4902546979;10983421.414609427;4549820049.590965;"2014-04-21T00:00:00.000Z"
311.2559643142;323.1292394094;305.9918869078;317.9182638906;17254372.0190779;4042394098.4968925;"2014-04-28T00:00:00.000Z"
316.1622193879;317.0648972251;310.0605519796;314.6153955279;4052819.0338860853;4004886377.541456;"2014-05-04T00:00:00.000Z"
329.9556686979;330.9871260143;315.0403438079;318.9810206615;8905793.414261831;4069896401.2502728;"2014-05-11T00:00:00.000Z"
327.2599170339;330.0810713403;326.6639851552;327.8339407995;2151310.8887752867;4190438856.78814;"2014-05-17T00:00:00.000Z"
382.1983608821;385.2196749873;378.6994835028;385.1962154245;8434900.608816842;4935056868.187487;"2014-05-24T00:00:00.000Z"
417.7157785275;453.7476212858;417.7624870749;451.4490184938;23515218.35024261;5806321061.2409935;"2014-05-30T00:00:00.000Z"
471.3071765067;488.4973871579;470.5160444395;482.6193232837;21777165.12277606;6233312985.957948;"2014-06-05T00:00:00.000Z"
467.9925958741;471.2073613861;423.0789466098;433.1749272083;37546213.5205024;5588728407.831548;"2014-06-12T00:00:00.000Z"
450.0789997111;454.6589262109;445.161667595;447.3898063231;13184233.835252436;5795098914.895187;"2014-06-18T00:00:00.000Z"
427.6435288468;429.0222737804;415.8090127178;415.5984431901;15205953.693495039;5388944087.026829;"2014-06-25T00:00:00.000Z"
468.5105852527;480.4688659008;467.5385250375;468.4254607262;28083491.599707816;6071086852.154858;"2014-07-01T00:00:00.000Z"
457.6038275077;460.4327436075;456.4150120714;458.8851301146;7354281.5141492095;5968435594.083057;"2014-07-08T00:00:00.000Z"
460.6734885073;461.2808676327;453.1801655296;454.6766040976;9342548.342033673;5928150480.023528;"2014-07-14T00:00:00.000Z"
461.1944801589;461.263877942;457.8192773712;460.181198532;7917732.278808486;6000594789.600119;"2014-07-21T00:00:00.000Z"
443.5713732;446.0064164134;441.9676716137;442.2490242375;5789135.453123837;5779499090.624767;"2014-07-27T00:00:00.000Z"
443.0280088278;443.0369177424;436.5170012637;438.8836817192;6225111.706881144;5746336884.845099;"2014-08-02T00:00:00.000Z"
441.8450076092;441.8450076092;438.2377474871;439.5346478316;5908024.461182788;5766738442.240287;"2014-08-09T00:00:00.000Z"
382.5883237188;387.858544995;364.5047025796;370.9860489405;19160404.191616766;4890358912.050899;"2014-08-15T00:00:00.000Z"
389.8327887718;394.253423986;377.0402361012;388.1913833146;27539278.451457407;5101219557.264442;"2014-08-22T00:00:00.000Z"
387.3267647351;390.6137296972;384.5512587514;385.2044317996;15058377.558756635;5081903750;"2014-08-28T00:00:00.000Z"
363.3376379979;380.7647309846;362.8582282744;378.7592850109;19838290.104206283;4926954674.07013;"2014-09-04T00:00:00.000Z"
367.452866143;377.8235832123;367.0490452018;371.1358073622;17610355.486862443;4909030686.537868;"2014-09-10T00:00:00.000Z"
359.5462017997;361.4685077443;351.5868799117;355.9573590384;16251292.7375164;4687744092.575442;"2014-09-17T00:00:00.000Z"
312.9120704265;343.7043720993;307.3438763221;339.1897455693;35096887.159533076;4512649718.692607;"2014-09-23T00:00:00.000Z"
297.379099829;303.2679881398;293.3333256378;295.8996063504;25639211.04536489;3948068830.469428;"2014-09-29T00:00:00.000Z"
256.0653832867;274.5696123194;241.6999501187;261.0764929287;63148817.13554987;3523122424.2567134;"2014-10-06T00:00:00.000Z"
287.1899156889;300.0419214898;282.0719249574;299.5086725457;13902106.763820687;4010525177.9423413;"2014-10-12T00:00:00.000Z"
306.6974976897;308.8022225926;302.9372115171;305.6221481172;4636332.993650544;4092485019.8714433;"2014-10-19T00:00:00.000Z"
283.0394573257;284.026039804;270.6211635045;274.089183973;14307419.10023678;3679667892.9123917;"2014-10-25T00:00:00.000Z"
270.4008255322;271.9011431645;256.3517986871;260.0998027147;13316192.909613542;3498973164.587991;"2014-11-01T00:00:00.000Z"
282.6126944289;284.9668723775;274.8942338748;274.9879606047;13600096.946194861;3727795035.344967;"2014-11-07T00:00:00.000Z"
335.4850803299;336.2085117563;308.8937958295;317.7206238831;23724502.886465684;4306478730.355997;"2014-11-14T00:00:00.000Z"
303.3235020226;304.7180297491;284.3782925708;285.3133442337;20125378.848301165;3859501899.8245335;"2014-11-20T00:00:00.000Z"
301.3214299633;302.9582081069;292.5591886768;294.6017235422;14906402.75663114;3998049878.1953683;"2014-11-26T00:00:00.000Z"
308.16338489;309.2910214604;303.3352307761;304.5642895847;10769435.698716396;4107929231.855978;"2014-12-03T00:00:00.000Z"
293.8890604301;295.056469796;278.2087174526;284.3456802621;26730144.550917655;3887359069.205782;"2014-12-09T00:00:00.000Z"
277.89452862;277.9770204059;261.4822607281;261.4822607281;24813007.47648525;3580032641.7316504;"2014-12-16T00:00:00.000Z"
262.6537902193;272.6817958006;261.8065101667;271.5702367467;18255153.79581152;3702311321.130563;"2014-12-22T00:00:00.000Z"
261.0954871544;262.901820958;257.0216499349;257.2780493933;10110535.831689678;3511068509.820842;"2014-12-29T00:00:00.000Z"
234.3078557328;239.3782906795;214.6945574729;221.1577158247;46361446.78723227;3013851966.513876;"2015-01-04T00:00:00.000Z"
231.8541047864;236.1009798111;223.6238621877;223.8456384076;15367105.70753124;3076078799.814252;"2015-01-11T00:00:00.000Z"
179.6783951187;183.0474650364;168.4749719028;172.2659241868;20290222.183798738;2366106987.118527;"2015-01-17T00:00:00.000Z"
205.7962441976;209.3279269282;198.1487014039;207.7978029827;21698863.135630563;2823157617.1675334;"2015-01-23T00:00:00.000Z"
205.3749807427;214.1543191577;200.1054443705;200.624670434;23473795.659078877;2753019547.3795657;"2015-01-30T00:00:00.000Z"
201.1885766049;209.9123180879;187.9266638399;189.2859567843;19897843.761046305;2648414604.321315;"2015-02-05T00:00:00.000Z"
193.8349920892;194.8259580245;192.1027528364;194.5127686767;13446104.87222566;2711995861.7030683;"2015-02-12T00:00:00.000Z"
213.8045946144;214.1801184497;203.753395017;207.3398877244;22102087.35309595;2871261411.769865;"2015-02-18T00:00:00.000Z"
210.6799536023;210.9465858786;207.2962495857;209.0036976067;10138636.564070906;2906672381.823794;"2015-02-25T00:00:00.000Z"
246.1261655394;255.7229688531;239.9007074094;251.9245178408;45155525.72706935;3504347671.767338;"2015-03-03T00:00:00.000Z"
267.5484581057;279.0328339511;267.4880091161;272.4946388023;62553812.0731032;3750512322.3186264;"2015-03-10T00:00:00.000Z"
272.5221764367;278.1463963606;272.3922554907;274.9224097072;20524754.36420872;3866448944.796337;"2015-03-16T00:00:00.000Z"
240.2190315966;249.0278889193;239.9168173178;247.5380983419;17040757.855822552;3459513429.759704;"2015-03-22T00:00:00.000Z"
232.1484389576;232.5149330103;221.3084683484;223.0407989676;19931477.909433268;3120407012.877744;"2015-03-29T00:00:00.000Z"
231.6791184094;232.5601271916;228.77187145;231.1379429898;11382561.95335277;3240305407.908163;"2015-04-04T00:00:00.000Z"
222.614607121;225.9356749325;220.8781390792;223.1201678486;15435955.480098095;3133349005.2820225;"2015-04-11T00:00:00.000Z"
212.4895388568;212.3432336358;205.9977736614;206.2767272413;18992098.168634377;2913984794.6918287;"2015-04-17T00:00:00.000Z"
218.2482438223;218.6794305717;211.413202149;212.6015861106;19837865.33481317;3013606849.056604;"2015-04-24T00:00:00.000Z"
203.1257251049;213.5142634047;202.3682282927;210.6556683965;30437044.370443705;2998915043.092431;"2015-04-30T00:00:00.000Z"
202.5595365704;212.1982567692;201.3681596748;211.0761291656;25634503.4397601;2959008429.396719;"2015-05-07T00:00:00.000Z"
215.2072702105;215.2862144443;207.1063513692;208.3534587055;24231166.978693057;2983493090.8709993;"2015-05-13T00:00:00.000Z"
205.8448922917;209.4373890667;207.9635788488;208.192268401;12580072.431763979;2905176639.210317;"2015-05-19T00:00:00.000Z"
216.1779758445;218.4904662459;216.2510334368;217.8373884377;14975382.932166303;3070812179.7957697;"2015-05-26T00:00:00.000Z"
210.1433020345;212.4053510281;202.6334632809;204.1259910933;23813891.93136181;2894461946.2851405;"2015-06-01T00:00:00.000Z"
200.755717711;203.317388372;200.7196942142;202.5970902758;21057827.418483157;2933121031.4177628;"2015-06-08T00:00:00.000Z"
206.2850562147;208.4291814954;205.896341678;208.0932008087;10796858.3599574;2958517045.0212994;"2015-06-14T00:00:00.000Z"
215.8520529313;215.9612496904;213.1118976072;214.7205353791;9335887.274328489;3071868311.0523996;"2015-06-21T00:00:00.000Z"
218.1361361144;225.1133045379;217.7492202369;224.8007214448;18350738.916256156;3219348581.280788;"2015-06-27T00:00:00.000Z"
230.4754597923;231.8306392367;228.3417446251;230.6839439661;17172320.4619271;3317011891.7358356;"2015-07-03T00:00:00.000Z"
243.3158613807;264.6106201545;242.8641145222;255.2585005386;90752124.38980293;3700692449.0598445;"2015-07-10T00:00:00.000Z"
261.5599782256;266.2609856584;252.7224223987;255.5730073135;45247439.64886613;3659396698.034016;"2015-07-16T00:00:00.000Z"
253.9055235906;254.0058383703;250.7877054921;251.2963233778;16965394.122493822;3643345145.44539;"2015-07-23T00:00:00.000Z"
266.1641438802;266.1630315762;261.0295652686;263.7431660637;22299891.540130153;3779275135.574837;"2015-07-29T00:00:00.000Z"
261.759772894;262.8196695941;259.0062629663;258.5361721777;18496599.889726155;3746787356.0007353;"2015-08-05T00:00:00.000Z"
240.0272500663;244.8926603823;240.6761998912;244.8926603823;23094433.850903478;3556835393.4895124;"2015-08-11T00:00:00.000Z"
232.9323533578;232.9928758915;191.4027881311;191.4027881311;38063036.21421476;2766282462.1602097;"2015-08-18T00:00:00.000Z"
200.5203933823;200.5617648953;181.6669485187;181.7746071824;52057577.355836846;2689399285.3375525;"2015-08-24T00:00:00.000Z"
205.6673861804;207.6113733799;202.4038235986;204.0504875452;17366791.912685633;2979142346.6183577;"2015-08-30T00:00:00.000Z"
210.5890747935;217.7996974478;210.4196178211;215.083845698;22840222.361696403;3136150463.5524073;"2015-09-06T00:00:00.000Z"
211.5869757653;211.8242703951;207.087154025;207.5061784635;15845624.55892731;3030876693.542696;"2015-09-12T00:00:00.000Z"
205.9050329021;206.211868274;204.3407945146;204.698024773;11241135.37890176;2995085255.4779377;"2015-09-19T00:00:00.000Z"
209.6448694085;212.5006730092;209.2630122121;210.1751851916;20005009.392611146;3082318413.2748904;"2015-09-25T00:00:00.000Z"
212.0321783453;213.7272649101;210.0150868331;211.7175225442;17585254.691689007;3112986218.391421;"2015-10-02T00:00:00.000Z"
216.3358819404;216.9577252443;214.2797742475;214.7513966627;16478551.085795658;3170379417.5863295;"2015-10-08T00:00:00.000Z"
219.7585378564;224.3509559254;219.7820066699;223.7747534749;21987011.854951184;3264854060.320781;"2015-10-15T00:00:00.000Z"
237.2322055637;238.5218366928;232.416304843;234.7249675369;22583949.964763917;3459471875.968992;"2015-10-21T00:00:00.000Z"
257.9189651405;268.1379610892;257.7858136808;266.3294301376;41902686.08121552;3924834441.5302525;"2015-10-27T00:00:00.000Z"
328.58711145;381.6786865435;324.8973502669;368.0811972514;187198765.09579587;5420735072.023972;"2015-11-03T00:00:00.000Z"
348.9224507149;358.7986730646;337.7338194636;353.4315350176;63594705.443698734;5253132776.659209;"2015-11-09T00:00:00.000Z"
298.8736075449;310.3949897792;294.6874988613;309.5470351709;44849598.05571135;4590615498.831557;"2015-11-16T00:00:00.000Z"
307.1918509052;307.2247367208;301.8216861007;305.1584492169;22021232.619316045;4534448457.722661;"2015-11-22T00:00:00.000Z"
337.5880487896;351.2171816443;335.8825055316;350.9063475547;38161582.774577394;5224168643.49797;"2015-11-29T00:00:00.000Z"
334.1488362892;358.0937103005;333.6968340893;357.325682248;60893155.71887919;5332335353.330271;"2015-12-05T00:00:00.000Z"
411.8876265298;427.1562528011;374.0129278041;396.0999902362;120168457.47586961;5922714685.1939535;"2015-12-12T00:00:00.000Z"
420.5230487669;428.5765634357;419.7637963106;426.7844953645;55553597.78597786;6405823757.933579;"2015-12-18T00:00:00.000Z"
406.2818663286;418.1466560127;406.0828483637;414.9051480499;52408949.20227398;6258087970.154043;"2015-12-24T00:00:00.000Z"
389.5316930394;398.4913383563;383.3165373046;396.61660472;42071343.63852557;5918976941.992134;"2015-12-31T00:00:00.000Z"
401.8012537671;401.8012537671;396.7439078894;398.2782726808;31673334.57387421;6009436265.463342;"2016-01-06T00:00:00.000Z"
400.9454926159;401.7225188209;391.660969977;397.2172734931;160398487.2244258;6014537456.157181;"2016-01-13T00:00:00.000Z"
355.395776838;356.8286499046;347.0439421825;348.5047550572;42993388.42975207;5271748547.474748;"2016-01-19T00:00:00.000Z"
361.2921789495;367.0782495487;360.0101504351;361.0985406415;53591705.06912442;5468546477.64977;"2016-01-26T00:00:00.000Z"
341.2639805077;348.164647727;339.6317156474;342.4102797208;47728633.46576735;5223826681.696387;"2016-02-01T00:00:00.000Z"
338.1716080472;341.096343542;333.7511307819;333.8222856591;42788887.89157167;5090423509.020734;"2016-02-08T00:00:00.000Z"
349.2418512452;362.8854134614;349.2418512452;362.8854134614;66189494.26717625;5505920802.373122;"2016-02-14T00:00:00.000Z"
378.865037009;397.1818914352;378.865037009;392.8504686061;84464500.35945363;5984890265.186916;"2016-02-20T00:00:00.000Z"
395.9013896074;397.1745975934;391.5695571446;395.6087189712;38318485.31967438;6036326233.129059;"2016-02-27T00:00:00.000Z"
385.4143431112;388.4678017663;373.4451066533;373.4451066533;83011508.45134765;5736888659.936044;"2016-03-04T00:00:00.000Z"
373.3673437063;381.8465095236;372.3662831398;378.163395607;66192121.700223714;5775888873.378076;"2016-03-11T00:00:00.000Z"
372.6161458478;372.1027128136;372.6161458478;371.8361051956;74479358.00267498;5748968316.941596;"2016-03-17T00:00:00.000Z"
374.3951424754;374.4901544506;372.1992228179;373.0794843215;61154889.04795992;5720378372.539371;"2016-03-24T00:00:00.000Z"
369.2390954846;369.1736913405;364.1705678443;366.1541261554;58494197.89175303;5650062894.49907;"2016-03-30T00:00:00.000Z"
372.8985731957;373.3746772706;370.3925382513;371.5126738482;51934434.87431886;5731667875.373528;"2016-04-06T00:00:00.000Z"
370.7197852539;374.5415568519;370.6223043742;373.5635234945;62010170.08591969;5750176589.295108;"2016-04-12T00:00:00.000Z"
378.5508077476;380.4945814717;377.1844904488;379.0492645423;49283728.753541075;5861122309.79993;"2016-04-18T00:00:00.000Z"
408.8343741739;414.2578081651;403.1212322236;409.6466573802;77552804.98664293;6357632615.048976;"2016-04-25T00:00:00.000Z"
391.5181220332;395.0056777881;391.03186552;394.2718785446;35495504.14666085;6112363814.927979;"2016-05-01T00:00:00.000Z"
402.0248930945;402.8913375318;399.8798576769;402.8004252902;35354731.211084805;6242061557.221784;"2016-05-08T00:00:00.000Z"
402.9908920934;403.8864808904;402.0740966689;402.856502511;32896295.641411018;6262394397.683671;"2016-05-14T00:00:00.000Z"
394.6596609212;395.3831211125;393.5370577801;394.8574378842;38098984.319315754;6147752784.568781;"2016-05-21T00:00:00.000Z"
405.2551122275;427.7207145688;405.0741301302;426.0451626544;147244206.952015;6596871092.485033;"2016-05-27T00:00:00.000Z"
482.2260150995;505.4428713944;481.2835988797;500.6103515625;109434977.57847534;7972289415.246636;"2016-06-03T00:00:00.000Z"
510.6595938336;510.5700280011;504.9535586535;508.2073095276;62539250.94289975;7882677669.502675;"2016-06-09T00:00:00.000Z"
611.7271813352;618.2764859844;599.2168336788;616.7575436418;88521545.18690339;9703591860.380053;"2016-06-15T00:00:00.000Z"
592.0823135301;602.4054526098;518.7029588481;526.4182513529;236856932.51533744;8315439234.106873;"2016-06-22T00:00:00.000Z"
597.6225842228;598.2829529357;576.5961579006;584.3050452113;125667446.422085;9230663149.836542;"2016-06-28T00:00:00.000Z"
613.1284074082;613.6568754103;599.1045662588;606.24391083;117092344.96993628;9471049121.690748;"2016-07-05T00:00:00.000Z"
587.2885426454;597.0033743509;584.3797956589;585.8516477449;97726861.07589205;9240462171.88915;"2016-07-11T00:00:00.000Z"
615.0448032173;616.1784582549;603.8881864162;608.2649720463;62847190.80792545;9601284343.97901;"2016-07-18T00:00:00.000Z"
597.2933319462;604.3105671663;594.9084386997;602.9770886701;107704365.2601841;9507194345.302105;"2016-07-24T00:00:00.000Z"
585.9046378552;586.0700949329;559.2162921938;559.4993553725;99112780.60996333;8820200727.090601;"2016-07-31T00:00:00.000Z"
518.6992867553;530.7559048293;513.683018348;530.1984621475;72882280.35359913;8376380483.609959;"2016-08-06T00:00:00.000Z"
528.7338125295;529.0197947669;524.1614061062;526.2036727531;62156968.390804596;8341166111.027299;"2016-08-12T00:00:00.000Z"
506.2931851709;510.7206995886;506.3779935055;508.2376875179;44632933.70944993;8028309174.330042;"2016-08-19T00:00:00.000Z"
515.3033064;515.40666735;509.2677458717;512.0178893372;120907718.26982859;8124431153.317347;"2016-08-25T00:00:00.000Z"
515.9996597703;516.5465395008;510.8218919769;511.2130223454;68964855.65716335;8129688796.395912;"2016-09-01T00:00:00.000Z"
542.9728750973;546.8941736319;540.6121184153;546.8933045721;66725122.27656736;8664896611.658514;"2016-09-07T00:00:00.000Z"
542.7841699367;544.0540774957;542.2065530207;543.2648527676;42683159.49005973;8639086366.238745;"2016-09-14T00:00:00.000Z"
545.144978812;545.3874592109;544.7961181838;545.6202455097;65059856.83607731;8642868156.853973;"2016-09-20T00:00:00.000Z"
540.5600752634;541.1458948753;538.7585707229;540.4957785332;43938833.57041252;8564465954.125177;"2016-09-27T00:00:00.000Z"
544.0014402797;546.4478083533;543.7383246547;546.2059387931;41668862.96856914;8667633227.91381;"2016-10-03T00:00:00.000Z"
552.7827846356;552.8059977206;551.033954092;551.1635515283;35035621.819480404;8762750305.811981;"2016-10-09T00:00:00.000Z"
582.7327508092;586.2113707066;582.5667921734;585.2161450614;36744870.97656606;9317359704.112337;"2016-10-16T00:00:00.000Z"
581.8195059071;604.8493121525;581.5566767009;604.0194875461;72189391.6559456;9625494999.448631;"2016-10-22T00:00:00.000Z"
628.6212562288;656.0440556771;628.4054293353;650.6502175633;122721967.03396776;10376647691.011747;"2016-10-29T00:00:00.000Z"
621.0562576041;637.1034541058;617.8469613205;630.986976538;90039379.95674117;10114073312.454939;"2016-11-04T00:00:00.000Z"
657.3167303654;660.5222925647;655.0614094485;660.2866458453;57982454.52875253;10510969493.110416;"2016-11-11T00:00:00.000Z"
695.8206226646;706.4083570452;696.3380285576;697.5870737583;101428304.53059319;11069965884.539934;"2016-11-17T00:00:00.000Z"
706.4705836026;708.5692317029;693.4764018478;701.0976432094;81517358.6337761;11241611551.233397;"2016-11-24T00:00:00.000Z"
691.6712039286;703.3374234656;691.1339666277;704.2793530449;78976796.61813058;11219855923.250353;"2016-11-30T00:00:00.000Z"
705.3923119218;713.8666753169;705.3267367325;713.0285491915;108049460.76608405;11388143334.603943;"2016-12-06T00:00:00.000Z"
733.5528778954;741.4519672491;731.6486176034;734.6409696691;76720165.38244691;11766375607.49859;"2016-12-13T00:00:00.000Z"
756.9328131357;760.1638150855;755.2752363572;762.0784361256;71689067.58567873;12181783106.739422;"2016-12-19T00:00:00.000Z"
858.1180915584;873.7766921788;857.6190574239;868.6925587209;118418484.50057405;13950813219.479525;"2016-12-26T00:00:00.000Z"
948.9850844764;980.8749544921;947.7056445442;977.3770805433;211142252.20944598;15612491471.063385;"2017-01-02T00:00:00.000Z"
867.3606406636;868.4402377351;834.7315055369;853.0926986012;134748781.4607275;13798856078.734922;"2017-01-09T00:00:00.000Z"
768.8582170929;773.7120635616;763.9046815898;773.3113518705;66735833.09839301;12437591069.542336;"2017-01-15T00:00:00.000Z"
837.0399207687;866.7791423446;837.026799836;861.5655682445;103895691.18609215;13886261484.998598;"2017-01-21T00:00:00.000Z"
860.1187339827;863.952693793;860.1187339827;861.7823329488;64503085.84252852;13901496585.936039;"2017-01-28T00:00:00.000Z"
939.9312535756;961.4712127938;937.7114501091;955.3010241904;187043955.0227674;15450097099.618994;"2017-02-03T00:00:00.000Z"
934.2516834409;937.2349683776;889.747160718;929.3795931852;178710706.57783616;14988321033.029934;"2017-02-10T00:00:00.000Z"
950.5235585455;969.2993106812;950.4339034277;963.0142856934;115344778.79445335;15669186893.689274;"2017-02-16T00:00:00.000Z"
1059.0237151955;1111.9070072927;1058.1280418127;1102.4472934925;179577251.18483412;17893310043.601894;"2017-02-23T00:00:00.000Z"
1116.6162368116;1160.5278146953;1117.5539422189;1160.5278146953;216745828.91748676;18730563595.287663;"2017-03-01T00:00:00.000Z"
1157.5943791698;1166.1556257616;1089.1565848161;1090.564248459;314756324.4061701;17635350667.171383;"2017-03-08T00:00:00.000Z"
1157.0664233071;1170.8145773079;1147.1853873725;1168.7087653157;230355901.9626256;18882300572.82374;"2017-03-14T00:00:00.000Z"
965.5929903504;989.3252948319;964.0844915009;982.0493530217;266738022.7145783;15925587803.295475;"2017-03-20T00:00:00.000Z"
896.3162680275;962.8266695013;894.3540750727;962.9558190895;343508536.6528354;15660490125.218994;"2017-03-27T00:00:00.000Z"
1014.75254517;1039.0149773174;1009.906987672;1033.0584346661;482850040.3793783;16820279608.413935;"2017-04-02T00:00:00.000Z"
1110.8099946083;1130.2964132718;1106.3632792216;1122.8565980879;228798157.0996979;18240664583.836857;"2017-04-09T00:00:00.000Z"
1100.292250757;1119.8039400509;1098.0864934843;1105.2125737876;191873888.20812517;17988176510.698463;"2017-04-15T00:00:00.000Z"
1140.268545125;1152.2522228796;1126.9886885229;1148.6617186771;232509558.89210108;18710019498.55451;"2017-04-22T00:00:00.000Z"
1212.8301796911;1225.0667427044;1185.878138298;1208.3340802834;485493780.0276116;19749350715.140358;"2017-04-28T00:00:00.000Z"
1403.5981008537;1476.4394828879;1392.5835459039;1414.81712859;861756210.6030242;23112930008.107124;"2017-05-05T00:00:00.000Z"
1638.3270406894;1721.7291930457;1614.114920079;1701.8688513064;735704411.521119;27769333533.449894;"2017-05-11T00:00:00.000Z"
1556.7345658752;1679.9297484031;1497.755978893;1649.2601253881;959908027.4071403;27085851239.902634;"2017-05-17T00:00:00.000Z"
2077.2886954698;2249.5052773894;2075.802662244;2176.1865638776;1543964177.1812081;35751983891.722595;"2017-05-24T00:00:00.000Z"
2026.9255930816;2069.7356239323;1901.0111563702;1947.0777505622;1297717307.450346;31989667552.26027;"2017-05-30T00:00:00.000Z"
2390.3705142495;2661.8544029364;2390.3705142495;2540.7755356925;1856276080.660922;41652857919.51675;"2017-06-06T00:00:00.000Z"
2636.8035452706;2675.4083814743;2249.7186767251;2375.5179374888;2294223314.285714;38915492439.73214;"2017-06-12T00:00:00.000Z"
2275.3102109229;2382.8636220638;2275.5133273495;2324.1788706303;1291475554.7621174;37910144425.60029;"2017-06-19T00:00:00.000Z"
2329.982126899;2397.0152008629;2279.2891999531;2312.1795804173;1037622906.1662198;37975872847.006256;"2017-06-25T00:00:00.000Z"
2133.2632014217;2201.4534885709;2096.874256099;2194.4230176004;703744862.9717188;36045018142.89467;"2017-07-02T00:00:00.000Z"
2210.7631750274;2255.5614806058;2186.2368935033;2255.5614806058;643271915.7894737;37072125282.89474;"2017-07-08T00:00:00.000Z"
2070.511435743;2074.4820926966;1903.9155583004;1947.6236922391;774057517.7615999;32220204795.63196;"2017-07-14T00:00:00.000Z"
2441.0129963101;2441.2229398034;2246.8507135626;2288.3513550915;1280916738.9060888;37766852906.002754;"2017-07-21T00:00:00.000Z"
2164.2881167413;2306.3196338066;2157.0357222332;2285.9172050795;672722932.6513214;37522193603.49531;"2017-07-27T00:00:00.000Z"
2286.7415466231;2369.5022813053;2269.1962246076;2360.4864336549;679210897.12212;39024365592.20187;"2017-08-03T00:00:00.000Z"
2910.4832388902;2913.9792352849;2767.0358029096;2841.7530783057;1249965963.2402995;46924095024.1661;"2017-08-09T00:00:00.000Z"
3578.1070310503;3721.1058098087;3402.401977747;3717.514552631;1935462932.106653;61555654913.62126;"2017-08-16T00:00:00.000Z"
3385.5631648232;3512.3434841557;3112.7319594452;3486.8367513021;3187332660.4572396;57360882668.247246;"2017-08-22T00:00:00.000Z"
3669.2943997137;3865.6862575474;3613.2253074408;3826.0528238062;2078314663.099816;63283553137.01722;"2017-08-29T00:00:00.000Z"
3865.0083188657;3864.6830088482;3452.4368927258;3562.3192554606;2514587582.4915824;58995876478.28283;"2017-09-04T00:00:00.000Z"
3514.7842132054;3528.164166381;3283.5037306262;3430.9228105236;1395404344.7186902;56730513421.83994;"2017-09-10T00:00:00.000Z"
3020.0820947131;3069.098114558;2885.5538837435;3001.4910637618;1037727118.331798;49726149716.10418;"2017-09-17T00:00:00.000Z"
3037.0815946076;3195.4567946264;3007.5134522465;3173.0253533666;776534457.8313253;52620539983.935745;"2017-09-23T00:00:00.000Z"
3527.014784356;3689.8325226729;3522.5701517789;3673.1374542309;1022223149.3396546;60962096841.60176;"2017-09-30T00:00:00.000Z"
3692.017383196;3770.0922770641;3689.6069898858;3725.2280393708;913463645.5220695;61973245929.30931;"2017-10-06T00:00:00.000Z"
4619.291703652;4928.9389861486;4591.9342041016;4776.8651335963;3056454530.391411;79350962831.60031;"2017-10-13T00:00:00.000Z"
4734.3905667076;4848.37111551;4684.5600564019;4818.1296586185;1509699874.512464;80511114223.3339;"2017-10-19T00:00:00.000Z"
4863.7249918028;5076.7007599486;4837.4230276856;5074.621930324;1611981722.7957354;83186813344.89761;"2017-10-26T00:00:00.000Z"
5528.2552697998;5820.3406369603;5483.9895810942;5820.3406369603;2463582634.9669557;96760230912.36804;"2017-11-01T00:00:00.000Z"
6049.1818239933;6249.6293505245;6049.1818239933;6159.4791644215;2003738239.448751;102576620426.35658;"2017-11-07T00:00:00.000Z"
5625.8938356073;5796.8980123982;5494.6853741497;5628.7641021291;2741241546.7718425;94901096410.872;"2017-11-14T00:00:00.000Z"
6850.5068804591;7106.0862185156;6774.0603862644;6987.593429139;2972688579.4631443;116644058478.0571;"2017-11-20T00:00:00.000Z"
7841.6363935294;8247.9415401336;7842.951552673;8247.9415401336;4739934763.14245;137519463477.82343;"2017-11-27T00:00:00.000Z"
9321.8102408213;10004.8090739159;9154.6565528866;9550.6074521867;5558339439.818319;159224821196.0636;"2017-12-03T00:00:00.000Z"
12893.9139668693;13473.8180970546;11243.2842650247;13134.529098857;11418990112.206732;219836274791.73752;"2017-12-10T00:00:00.000Z"
15112.5772474898;16777.3138348792;14904.1020943244;16590.708296992;10841218352.62083;277827166039.823;"2017-12-16T00:00:00.000Z"
11764.105756357;13159.4840139264;11662.9837266488;12397.0651896032;11036518620.22434;207766900489.1625;"2017-12-23T00:00:00.000Z"
12309.0709478914;12786.8440873713;11941.4072281112;12217.5726869894;10910042851.160063;205874557437.80887;"2017-12-29T00:00:00.000Z"
12714.9876730329;13043.5901179353;12043.6226532696;12928.2282407695;18137551826.81099;217981116661.11572;"2018-01-04T00:00:00.000Z"
12520.451857225;12563.8278439748;10970.0346452038;11133.4605138174;13830280190.715181;188355268966.95944;"2018-01-11T00:00:00.000Z"
9316.2996001426;9523.7318545099;7688.5191258995;9186.7966248255;15346862422.167889;153276634493.07254;"2018-01-17T00:00:00.000Z"
8859.5111648858;9282.8090319814;8638.3046234371;9167.4605686587;8077508695.864142;155289855913.70764;"2018-01-24T00:00:00.000Z"
9133.1177743841;9137.1314709596;8096.9747441004;8144.986947685;6977269660.7431345;137440675830.37158;"2018-01-30T00:00:00.000Z"
5702.9923170239;6342.4625911395;4879.5964224486;6263.8339122708;11322119142.74161;105667686735.13951;"2018-02-06T00:00:00.000Z"
6646.0654496173;7302.6573928281;6644.4382402524;7257.9643162046;5107297802.448979;122867859928.16327;"2018-02-12T00:00:00.000Z"
8502.6183300097;9088.1094757658;8465.4160522687;9054.1214749859;6165570748.529531;152628145653.85544;"2018-02-19T00:00:00.000Z"
7969.1043047873;8072.2522789901;7652.3709186631;7865.8179122243;4642430573.497112;132761785046.77458;"2018-02-25T00:00:00.000Z"
9013.477624929;9359.5844729338;8932.6949668142;9328.3268615024;5431980384.833969;157635073937.64716;"2018-03-03T00:00:00.000Z"
7599.0165329134;7745.892167818;7174.7011187017;7205.2011377489;4377342439.658675;121852740471.3531;"2018-03-10T00:00:00.000Z"
6763.2944549407;6987.7506028203;6507.853067713;6786.3185556889;4298212124.167073;114669082706.8097;"2018-03-16T00:00:00.000Z"
7089.3857015337;7189.3936662517;6779.6141073528;7189.3936662517;4831713212.691714;122034873773.4318;"2018-03-23T00:00:00.000Z"
6481.2523955964;6491.0117555416;5757.2194169207;5824.8253904345;5167110571.034035;98640275400.04874;"2018-03-29T00:00:00.000Z"
5574.3528425393;5653.3386255351;5411.5154366703;5561.2918148626;4590037493.081556;94029305188.01889;"2018-04-05T00:00:00.000Z"
5536.3402757412;5633.2415717209;5511.8359153933;5633.2415717209;3755270440.9028397;95677694426.01732;"2018-04-11T00:00:00.000Z"
6421.8172951105;6622.8791441974;6377.1710865478;6595.6370056355;5278400905.343142;112085597675.20815;"2018-04-18T00:00:00.000Z"
7318.4304093627;7953.4284151038;7313.6971230646;7925.3841124551;8747379082.568808;135020688278.17824;"2018-04-24T00:00:00.000Z"
7775.3941693991;7816.8423362236;7571.495473951;7650.0950448609;7154928648.024416;129641051978.88312;"2018-04-30T00:00:00.000Z"
8069.6644540074;8081.8140546614;7743.2731701371;7854.6968621679;6185911352.798461;133471191906.63432;"2018-05-07T00:00:00.000Z"
7130.7069455493;7346.1858868689;7029.9113357792;7299.1469458563;4912393046.390889;124424533124.26729;"2018-05-13T00:00:00.000Z"
7003.8133625265;7276.6296900229;6968.3568869427;7236.0815979601;4408543497.239915;123235254832.27176;"2018-05-20T00:00:00.000Z"
6426.1630733637;6519.450777897;6308.2576113197;6314.0599852468;3477716710.729614;107698765032.61803;"2018-05-26T00:00:00.000Z"
6463.7394638454;6600.1973225772;6429.8968830403;6555.274610045;4236106209.262436;111905253890.22299;"2018-06-02T00:00:00.000Z"
6517.8018291228;6521.6790421944;6433.2282767416;6480.4690819947;3585429483.504368;110470883396.65846;"2018-06-08T00:00:00.000Z"
5772.426983329;5778.9811245783;5543.094785205;5562.6605308219;3421025732.5722194;95466789727.55579;"2018-06-15T00:00:00.000Z"
5856.5170974778;5889.2692965035;5795.9346814043;5800.0002019952;3048397671.2447095;99446920639.19841;"2018-06-21T00:00:00.000Z"
5223.5576084682;5347.4084970148;5221.5753085371;5325.3155879714;2829859120.879121;90490728549.10715;"2018-06-27T00:00:00.000Z"
5618.7238332511;5817.3008520531;5528.8077148689;5659.2467015676;3582374062.9556565;96941866838.49387;"2018-07-04T00:00:00.000Z"
5732.5705690179;5754.8811516794;5390.8061533849;5397.757478735;3447116434.161279;92302662152.09254;"2018-07-10T00:00:00.000Z"
5756.9402087159;6338.2584593522;5696.8975725518;6283.0759003283;5092637061.587085;107276811912.53096;"2018-07-17T00:00:00.000Z"
6316.3045923311;6646.2841015992;6313.1391425156;6595.2017304835;4372161172.161172;112765455710.87827;"2018-07-23T00:00:00.000Z"
7051.7025473883;7066.0660660661;6760.1605191257;6989.4736842105;4761471824.34171;120548238085.5991;"2018-07-30T00:00:00.000Z"
6078.56834097;6139.4848301495;6000.4322641999;6114.6020761246;3180695080.8334055;105062746938.70494;"2018-08-05T00:00:00.000Z"
5421.3759859772;5657.9666958808;5354.101665206;5517.7300613497;3547633654.6888695;94929235067.48466;"2018-08-11T00:00:00.000Z"
5756.2560111917;5785.914138323;5555.4166302352;5616.6477223048;3483885634.344671;96706317153.0996;"2018-08-18T00:00:00.000Z"
5677.2270363951;5782.600464676;5627.5025978524;5782.600464676;3550970537.2616982;100327867278.16292;"2018-08-24T00:00:00.000Z"
5979.5678641859;6082.1942601051;5950.7782268467;6067.4023622726;3854625739.518134;104044082344.16531;"2018-08-31T00:00:00.000Z"
5806.8769878793;5801.3912744761;5500.4465819306;5619.3906532404;4748104530.215766;96836212096.62167;"2018-09-06T00:00:00.000Z"
5466.9534543577;5594.4273240883;5463.1931906113;5575.5924373342;3622911468.639766;96817491337.86458;"2018-09-13T00:00:00.000Z"
5456.7525905626;5523.3062098501;5319.0027416038;5481.9568197395;3794930204.6758585;94671350127.60127;"2018-09-19T00:00:00.000Z"
5487.5329534824;5602.1691051378;5437.6083630801;5530.0127713921;3773535164.554809;95501603984.18233;"2018-09-26T00:00:00.000Z"
5695.1196337566;5715.1352753047;5663.9521788097;5676.7685513897;3437211712.878984;97979631821.71547;"2018-10-02T00:00:00.000Z"
5728.3370942545;5808.4406543683;5729.7551624989;5788.070999739;3453792744.315223;99950448570.56067;"2018-10-08T00:00:00.000Z"
5448.1731601732;6022.5335062689;5417.8324099723;5696.0020723599;6381619047.619047;98943742285.71428;"2018-10-15T00:00:00.000Z"
5637.1840528099;5694.7624424564;5624.9457135412;5632.418107568;2826031442.7169285;97601933787.02336;"2018-10-21T00:00:00.000Z"
5686.0450837646;5702.7539028241;5655.5653012894;5691.3135035536;3021831418.296641;98691723859.3106;"2018-10-28T00:00:00.000Z"
5610.2239789196;5620.5416914887;5569.869549528;5586.4587481699;3213561703.9964867;96988329282.38911;"2018-11-03T00:00:00.000Z"
5632.7516906738;5678.3248155974;5632.0284269152;5653.5730890412;3268199597.328491;98192885712.38258;"2018-11-10T00:00:00.000Z"
4985.2747879343;4993.8362495813;4814.9543613562;4882.0352266909;4662067144.7212;85571280042.0305;"2018-11-16T00:00:00.000Z"
3824.0026554195;3863.3366111104;3676.0197217787;3833.6074421656;4271926685.1307755;66294449883.14976;"2018-11-23T00:00:00.000Z"
3755.0674599238;3886.4500397525;3643.4143272938;3756.4977165237;5720422685.070787;65488007315.829056;"2018-11-29T00:00:00.000Z"
3489.9319735337;3500.6264905519;3308.4256726676;3308.4256726676;4674360211.283972;57610970324.94518;"2018-12-05T00:00:00.000Z"
3021.8251923818;3109.4743861563;3013.5169156503;3065.8451230152;3655878738.198969;53646882092.57458;"2018-12-12T00:00:00.000Z"
3123.2965041979;3253.7859572805;3066.6270579135;3249.0503447304;5208480696.479504;56762870956.893425;"2018-12-18T00:00:00.000Z"
3579.0841282369;3586.5496069208;3297.5378839945;3342.6215964424;5400778587.383349;58369973871.850006;"2018-12-25T00:00:00.000Z"
3380.3133163731;3382.1092828786;3248.7850642965;3256.9277735026;4075287996.068829;57111489933.71681;"2018-12-31T00:00:00.000Z"
3574.3128770431;3586.8114349872;3514.9207395984;3506.4944140826;4582163591.945826;61622467874.67704;"2019-01-07T00:00:00.000Z"
3190.0756394919;3203.931363561;3093.799789148;3100.2215759054;4081510587.3868165;54149071269.70851;"2019-01-13T00:00:00.000Z"
3277.274955837;3293.0583982734;3150.6027792969;3168.3734145628;4910916065.518559;55412429047.021484;"2019-01-20T00:00:00.000Z"
3156.9539729787;3205.380065238;3151.3678926404;3158.2518493063;4471111794.98006;55299209445.56991;"2019-01-26T00:00:00.000Z"
3022.7083202564;3056.474051048;2998.3084551398;3044.2473421167;4736801751.555961;53359615892.447205;"2019-02-01T00:00:00.000Z"
2999.8371426225;3262.2034550393;2990.3302128157;3237.059360981;6822417322.724855;56683036044.28901;"2019-02-08T00:00:00.000Z"
3223.266320149;3238.4118578025;3192.7403991679;3202.0428073318;5566592914.277398;56308636495.81676;"2019-02-14T00:00:00.000Z"
3525.6823224826;3538.9376289941;3477.4488634638;3486.7019257595;6852718004.87894;61165193138.581345;"2019-02-21T00:00:00.000Z"
3385.6830021801;3414.5514456169;3330.3054049824;3384.327482563;7286001400.601892;59360088652.58436;"2019-02-27T00:00:00.000Z"
3446.6096683766;3468.3317429749;3427.6015083054;3450.8627188216;8114701230.155301;60679131859.1677;"2019-03-06T00:00:00.000Z"
3467.079987617;3482.5929983091;3431.0877485558;3463.680494953;8712543300.846727;61053339793.02814;"2019-03-12T00:00:00.000Z"
3557.2940772128;3595.673013742;3546.3670676581;3585.5989889302;8243284722.305138;63201442614.29083;"2019-03-19T00:00:00.000Z"
3562.5107383686;3573.089839653;3478.0495892871;3502.4706935216;9171454418.50207;61784345903.22253;"2019-03-25T00:00:00.000Z"
3658.3719990841;3662.0305738078;3648.2532668201;3657.8659630448;8060108608.841443;64461620658.93235;"2019-03-31T00:00:00.000Z"
4511.4555207301;4666.1216696046;4500.4224018934;4634.5411251693;14841641322.594572;81690906518.68626;"2019-04-07T00:00:00.000Z"
4500.0700313804;4533.9140679718;4475.9634795284;4506.9114974487;9571034991.785559;79521185861.6463;"2019-04-13T00:00:00.000Z"
4716.6982393034;4765.0108785011;4709.3327761142;4746.6885537171;11711043210.860958;83810200743.39662;"2019-04-20T00:00:00.000Z"
4678.3536287171;4833.3139217516;4650.1777874689;4732.4077367617;15095659057.215912;83749560448.25461;"2019-04-26T00:00:00.000Z"
4927.4858965424;5258.8395398512;4912.6326269229;5147.0446378036;16755154267.468412;91277991527.73009;"2019-05-03T00:00:00.000Z"
5342.4237927904;5510.7141501814;5342.4237927904;5503.8822552304;14989292599.079235;97554003059.50946;"2019-05-09T00:00:00.000Z"
7311.8548221198;7423.6730726157;6916.6081751999;7057.2224777607;29594692395.173206;124563011548.90633;"2019-05-16T00:00:00.000Z"
7125.1460460544;7164.8770386467;6826.7350856462;6884.5959733329;22137178129.220016;121850119819.27585;"2019-05-22T00:00:00.000Z"
7864.1729094599;7867.9768507134;7713.4656188837;7808.0717376369;21643748226.771698;138107176558.72202;"2019-05-28T00:00:00.000Z"
7301.0361638918;7301.0361638918;6721.8802179828;6849.1636458312;21882456488.821583;121588817686.0555;"2019-06-04T00:00:00.000Z"
6794.9258250694;7093.7828203327;6701.4579844706;7068.955425987;16509040350.091328;125455333012.52621;"2019-06-10T00:00:00.000Z"
8012.5917604718;8390.6687612959;8012.5917604718;8302.840014411;13872581896.166338;147589620433.06552;"2019-06-17T00:00:00.000Z"
9394.1869645606;9889.4880721239;9263.3436436876;9536.2697512683;18441423278.795795;169472701362.49207;"2019-06-23T00:00:00.000Z"
10485.8334517664;10702.3632965922;9504.9093857595;9520.8817570017;23952988906.940258;169118087434.01974;"2019-06-30T00:00:00.000Z"
9776.6056797012;10346.7263235284;9776.6056797012;9979.5332452019;18776014577.311058;177634950205.46777;"2019-07-06T00:00:00.000Z"
10471.2387452368;10496.7937561349;9669.3524272736;10098.2847898198;18652322460.702206;179912425280.44553;"2019-07-13T00:00:00.000Z"
9461.0329400773;9516.8074411257;9112.8705643522;9378.6704770718;18406576385.705235;166705945588.92365;"2019-07-19T00:00:00.000Z"
8803.6350474149;9110.8536567885;8742.5306060567;8892.6769077052;14200154535.340576;158683259476.31796;"2019-07-25T00:00:00.000Z"
9102.5608730925;9456.9388190397;8976.6696120435;9386.7416211095;15504780238.78333;167693298148.60532;"2019-08-01T00:00:00.000Z"
10242.1124540876;10732.6375919857;10196.5289998142;10658.7321905925;19808272732.67506;190390152674.5406;"2019-08-07T00:00:00.000Z"
9744.0769744841;9744.1388759961;8997.9450176076;9021.0524687041;17888101973.30705;160791815896.07858;"2019-08-14T00:00:00.000Z"
9849.8196428393;9876.2568334364;9574.3947542068;9699.0502937671;13582396046.827303;173720074860.92746;"2019-08-20T00:00:00.000Z"
9343.9664081084;9350.9607426609;9085.2583821097;9184.2754450594;13298335791.409258;164241035198.37723;"2019-08-27T00:00:00.000Z"
8877.2223036976;9477.1063915345;8870.0622367646;9436.463124919;15692099241.569376;168613657935.1138;"2019-09-02T00:00:00.000Z"
9477.0418862723;9482.0901683787;9195.4959420949;9355.6526810814;15968001879.443129;168123363189.25058;"2019-09-09T00:00:00.000Z"
9305.2844921886;9310.3148611008;9244.0372848404;9336.2032752759;10821025060.263943;166777929683.99115;"2019-09-15T00:00:00.000Z"
9241.3042205256;9245.3422718945;9075.2925290505;9092.5424058239;12182959742.40621;163210563354.3671;"2019-09-21T00:00:00.000Z"
7541.2927844928;7572.6808692674;7426.2788957034;7537.4013869359;12924377249.004559;135377302792.07733;"2019-09-28T00:00:00.000Z"
7524.7050682301;7525.2163018629;7427.6268809716;7473.7232827168;11970530784.872988;134370490692.17593;"2019-10-04T00:00:00.000Z"
7797.1270966722;7918.0947933468;7533.462407411;7538.5129700673;17804679311.756027;135944328831.77791;"2019-10-11T00:00:00.000Z"
7266.9898068657;7309.0728430841;7223.9710953991;7284.2736730481;12924356976.20258;131702802209.19669;"2019-10-17T00:00:00.000Z"
6745.8085930789;6767.1667245568;6689.853224939;6748.6209646475;14613790709.82869;121238883709.51315;"2019-10-24T00:00:00.000Z"
8478.3984574382;8482.367408999;8170.7370376106;8253.6703183131;24930531059.11957;149277531981.81558;"2019-10-30T00:00:00.000Z"
8435.0713296603;8507.7601358261;8406.027882993;8456.3942512655;20890578758.420033;152436850257.60855;"2019-11-06T00:00:00.000Z"
7937.7893410853;8022.5498599364;7886.7422274448;8005.5031518929;18404022232.84941;144142659294.1133;"2019-11-12T00:00:00.000Z"
7756.0824087582;7822.4181566263;7467.7599824047;7504.6230380716;19520940227.46146;135714309496.82936;"2019-11-18T00:00:00.000Z"
6387.0895643568;6647.7036331431;6002.0682875929;6490.0044717811;38726602914.526276;117139017675.50963;"2019-11-25T00:00:00.000Z"
6871.9458565517;6871.9458565517;6617.5709186739;6737.8570509078;16990783970.898746;121812726468.02855;"2019-12-01T00:00:00.000Z"
6828.3813600636;6903.6770366292;6760.3377542562;6839.6962422642;13934578895.935305;123745784762.5552;"2019-12-08T00:00:00.000Z"
6536.4880747569;6572.3979791051;6382.0941132152;6406.7918207558;15410302614.360207;115975181741.64182;"2019-12-14T00:00:00.000Z"
6518.4269327038;6520.8036385237;6421.0580621934;6491.8542637994;17434503032.522102;117599777692.37001;"2019-12-21T00:00:00.000Z"
6521.2032964093;6583.6946715998;6465.4402422556;6523.7471229262;20521263388.95875;119051085182.82208;"2019-12-27T00:00:00.000Z"
6252.0065058711;6634.8969144392;6187.7112133135;6581.7360269853;25163570573.52555;119261919571.20435;"2020-01-03T00:00:00.000Z"
7272.975356747;7272.975356747;7061.7080184932;7092.7480652284;21638145210.372105;128695608300.122;"2020-01-09T00:00:00.000Z"
7931.3363692692;7973.2618298191;7776.3359382295;7896.1892726464;36040417499.9282;143755325141.93564;"2020-01-15T00:00:00.000Z"
7887.890191929;7936.4683383869;7788.6188367928;7823.075276108;20386966067.906635;142331557138.34555;"2020-01-22T00:00:00.000Z"
8087.9554129213;8491.0302774607;8084.2285102555;8490.7495197512;31216241368.04203;154458534592.90915;"2020-01-28T00:00:00.000Z"
8400.3201925745;8436.3974252582;8247.3039271381;8311.9480978689;27022122779.261906;151045294970.327;"2020-02-04T00:00:00.000Z"
9237.5291052552;9280.7948177858;8931.0269478602;9034.0575512544;35967795701.815926;163914659821.45135;"2020-02-10T00:00:00.000Z"
9165.1354043441;9170.9627504688;8772.7070847849;8941.850424882;42427220515.33791;162876082697.607;"2020-02-17T00:00:00.000Z"
8908.7100892555;9166.6093565919;8903.6142341828;9157.4295972004;37969034605.3754;166831814632.66385;"2020-02-23T00:00:00.000Z"
7798.2522666715;7913.4505753163;7681.6871380986;7748.1646699174;32054586838.20271;141677357843.56018;"2020-03-01T00:00:00.000Z"
8081.9022632892;8118.7421758501;7877.3238064294;7894.3436745801;32088852212.274372;144141790398.74002;"2020-03-07T00:00:00.000Z"
4486.2970364042;5254.1049478331;3672.9509176186;4993.6773021019;66301419365.83146;90877500823.79707;"2020-03-13T00:00:00.000Z"
5808.6627887434;6377.5787115077;5498.0502272417;5759.6071668065;51075351372.7129;106300389148.08522;"2020-03-20T00:00:00.000Z"
6130.5568319488;6168.2772015796;6032.1677146551;6079.7354175281;32438125991.552773;112812564210.4267;"2020-03-26T00:00:00.000Z"
6032.1519023555;6542.1191327785;6024.1049293102;6264.6322235952;43515361427.73953;113521082652.96057;"2020-04-02T00:00:00.000Z"
6589.2181140673;6776.6416983137;6579.0239881375;6752.5704529867;34475926068.512596;123270964762.6212;"2020-04-08T00:00:00.000Z"
6231.8981824048;6313.7661929005;6083.4007416082;6091.0804561483;29393857676.718586;110819402552.7336;"2020-04-15T00:00:00.000Z"
6332.2223134454;6397.9770504809;6290.4890600127;6337.5141139354;29995923983.891018;116132951362.97386;"2020-04-21T00:00:00.000Z"
7097.0348558744;7201.9346485587;7097.0348558744;7201.9346485587;33419716155.222164;132193189137.9037;"2020-04-27T00:00:00.000Z"
8117.6696528416;8215.2388317016;7906.0042388907;8173.6707614387;41719956040.51261;149340289692.34073;"2020-05-04T00:00:00.000Z"
8742.6960364314;8746.7171843182;7652.4426655642;8078.6308329578;57723271825.69543;146652246225.83337;"2020-05-10T00:00:00.000Z"
8663.1665521666;9077.2203081056;8639.7098342899;8938.7417667336;37040974184.126755;164250617871.9072;"2020-05-17T00:00:00.000Z"
8426.2755103993;8534.0126854488;8364.85276482;8448.4989840011;25437240006.491207;155318996403.66168;"2020-05-23T00:00:00.000Z"
8499.6948707686;8738.4307733551;8434.6930070368;8735.1743694865;29466875499.774937;160639419896.13867;"2020-05-30T00:00:00.000Z"
8641.7810063119;8708.0027527251;8543.1432682681;8560.4240976405;20730672992.075863;156784760403.63074;"2020-06-05T00:00:00.000Z"
8256.7433142117;8443.1115229344;8227.2457725867;8422.0610784016;20029591186.451817;154558761912.83557;"2020-06-12T00:00:00.000Z"
8433.3418973567;8434.4225066311;8325.0333652302;8397.5828864262;15805529246.419497;154102468705.54413;"2020-06-18T00:00:00.000Z"
8514.8587568144;8550.4262910951;8230.8601530025;8278.4956945277;16762232857.69471;151605608646.58066;"2020-06-24T00:00:00.000Z"
8140.9784872491;8272.4712864703;8105.6723207808;8201.6466833491;14216516544.4455;151309542061.45972;"2020-07-01T00:00:00.000Z"
8264.4155767827;8266.5673137865;8151.4281557372;8205.983702336;12233893062.703146;150704724869.9816;"2020-07-07T00:00:00.000Z"
8142.5033734474;8148.428248288;8065.888967374;8101.2883445287;15939194305.630152;150164492825.0388;"2020-07-14T00:00:00.000Z"
8027.6277894616;8071.0100005229;8001.9090632758;7998.3211935574;12019399301.655476;147643174221.02798;"2020-07-20T00:00:00.000Z"
8499.6278709344;9667.1313771205;8474.4706812726;9340.1870965043;30342059684.28367;173952862210.0575;"2020-07-27T00:00:00.000Z"
9982.9913018404;10216.783803239;9354.2050977019;9382.7275164971;23270681197.13618;173138313169.1283;"2020-08-02T00:00:00.000Z"
9956.2917658372;10014.5934910476;9796.3603457188;9910.367554593;14835718099.317701;182791640892.39578;"2020-08-09T00:00:00.000Z"
9937.7232425898;10102.003821672;9937.7232425898;10019.6687835751;19721365262.135117;184982337633.55176;"2020-08-15T00:00:00.000Z"
10006.3464228746;10022.7461251517;9804.569732126;9827.8919549744;20018061722.165447;180348367387.73264;"2020-08-21T00:00:00.000Z"
9582.6836939466;9698.0860286479;9576.7940837347;9695.4689259773;16759424672.74742;180421919046.95978;"2020-08-28T00:00:00.000Z"
9628.3537006214;9667.3517325324;8598.7455609763;8653.3824869293;26948524387.919132;159799185613.6051;"2020-09-03T00:00:00.000Z"
8677.3635440987;8825.0301714873;8673.8101553317;8763.0703723086;46093465126.60341;162297886928.872;"2020-09-10T00:00:00.000Z"
9115.4922917105;9379.5162682488;9045.488111831;9298.4003700843;25976084104.88706;171324823780.43338;"2020-09-16T00:00:00.000Z"
8998.7855147259;9002.9828913248;8744.903723815;8789.7628061625;20318847647.070763;161885086506.38727;"2020-09-23T00:00:00.000Z"
9171.6157629634;9246.2045941325;9074.4244137527;9235.9252487498;39892605461.26197;171842887878.47745;"2020-09-29T00:00:00.000Z"
9157.7513634809;9157.8578789542;8972.2153794183;9034.8689820275;36154697070.621414;166492205756.1501;"2020-10-06T00:00:00.000Z"
9641.9184153402;9902.9635111972;9523.6720570983;9781.9497900464;22143328801.83505;181072211272.59952;"2020-10-12T00:00:00.000Z"
9693.545954492;9800.7144966238;9686.3724946316;9800.7144966238;15606765104.11464;181547340578.06525;"2020-10-18T00:00:00.000Z"
11050.0054721039;11236.4088350672;10883.0911277174;10998.7672092135;20574863196.31476;203519768325.32416;"2020-10-25T00:00:00.000Z"
11602.6052141255;12013.0332535275;11524.3287574127;11801.3272514879;25957487031.61802;218726178911.09323;"2020-10-31T00:00:00.000Z"
13109.1020846877;13253.0107723396;12146.5147532363;12492.2608553853;29496930237.30841;231571490490.16812;"2020-11-07T00:00:00.000Z"
13789.1562256767;13946.995128451;13527.6820932635;13786.8182329579;26770615775.888283;256278150128.15753;"2020-11-13T00:00:00.000Z"
15015.7748669927;15827.9333939203;14960.0258773724;15705.1792965063;31176632341.901028;291104152681.4723;"2020-11-20T00:00:00.000Z"
15717.5015958124;15819.3809196026;13723.8323291777;14399.0975855863;51522321248.53241;267050399265.93707;"2020-11-26T00:00:00.000Z"
15854.0304788666;16097.2430259397;15613.4125680138;16010.7771917773;26357710690.432724;297942301767.4683;"2020-12-03T00:00:00.000Z"
15129.1851249193;15423.5761352618;14784.541100963;15361.176172717;28423965457.812355;284473148718.3922;"2020-12-09T00:00:00.000Z"
15842.7749874121;16064.1414200611;15704.2366639657;15975.224552812;22012208315.332497;296833918319.67303;"2020-12-15T00:00:00.000Z"
18630.184004329;19520.3765583745;18375.6224060982;19514.7359435251;36102668023.93679;361136672288.66364;"2020-12-22T00:00:00.000Z"
21534.5839100054;22421.3844745091;21485.5473686096;22161.6023567908;40197242296.43327;412437756952.14496;"2020-12-28T00:00:00.000Z"
26784.331213438;27294.2407978198;23363.9795425031;26094.0051082672;66255611683.38729;485209350759.14075;"2021-01-04T00:00:00.000Z"
32927.7891415494;33881.5505838619;29440.8586642868;31472.6860212459;65423931687.7158;583480324109.9873;"2021-01-10T00:00:00.000Z"
29938.0408534178;30384.2191769757;28204.2543018032;29661.7352470456;43346053052.37695;551208041936.9047;"2021-01-17T00:00:00.000Z"
27099.7124781441;27402.3405111628;25868.1349264485;26340.0091193016;39726221821.50338;490250883097.40405;"2021-01-23T00:00:00.000Z"
28255.7006677038;28700.0723261863;27139.1894172927;28234.4189115146;53668984768.481735;525572659512.47644;"2021-01-30T00:00:00.000Z"
30864.1358764559;31829.6797813657;30629.3867214698;31658.2489237417;48971107269.148636;593578448293.5251;"2021-02-05T00:00:00.000Z"
37048.9800630299;39940.2456252842;36473.2860483004;39494.4404451077;67159525580.31018;736350923608.0212;"2021-02-11T00:00:00.000Z"
43286.4970117791;43561.9573476298;42348.4922506883;42739.4502653267;43214894529.98731;799394765304.517;"2021-02-18T00:00:00.000Z"
40190.105102998;42211.4234689622;38837.5875203483;40844.413251394;52419885410.0907;762399280253.4946;"2021-02-24T00:00:00.000Z"
40063.1669940586;43555.6727703086;39945.7933530731;41952.8066232031;44039210713.520805;779682864893.5195;"2021-03-03T00:00:00.000Z"
44108.8205424871;46082.2477540021;43888.0002677592;46082.2477540021;42960602975.22717;862752230580.6438;"2021-03-09T00:00:00.000Z"
46820.7684279173;47749.3621564335;44903.3736695192;47727.0803804901;50098353881.22827;888564016627.3402;"2021-03-16T00:00:00.000Z"
48400.5579548403;49095.9278749347;45497.92805659;45699.4046497064;47562069581.950356;856293190223.5072;"2021-03-22T00:00:00.000Z"
47469.3865134197;49494.5174903736;46820.0281531619;49071.7885857849;48892832692.20132;914711561763.7407;"2021-03-29T00:00:00.000Z"
48986.6363169956;50099.7208984932;48610.7536923843;49933.1974119901;43157056642.466225;933076779266.1338;"2021-04-04T00:00:00.000Z"
48949.4835769489;51489.55637344;48768.7641111686;50242.2227450948;48936622012.965485;938500163557.4777;"2021-04-10T00:00:00.000Z"
51350.4723974609;52222.0498378694;50376.9205537947;50646.0496792872;55196829015.05027;946294095754.3153;"2021-04-17T00:00:00.000Z"
43064.6452415709;43369.867090554;39590.5252010964;42231.4059006916;72137018539.43932;794808877701.6473;"2021-04-23T00:00:00.000Z"
44182.1480759015;48172.2989166855;43821.4541924823;48047.0502981945;43214907198.596405;890485808509.6643;"2021-04-30T00:00:00.000Z"
47837.4651875391;48438.1076974604;45928.2138696416;46742.5588692077;57899408975.804;878372912562.0155;"2021-05-06T00:00:00.000Z"
41179.7938346094;42440.0848227447;38911.7173114176;41166.6969974176;80082890035.9543;770151922626.534;"2021-05-13T00:00:00.000Z"
35135.9040569465;35623.2925051934;25122.6846642976;30403.2032185686;103381268428.69023;566537687243.8574;"2021-05-19T00:00:00.000Z"
31349.1129199232;33317.4081566298;30937.2261741142;32229.5329290024;41926663127.83207;600611231973.5901;"2021-05-26T00:00:00.000Z"
30487.3769157901;30987.2516630367;29266.428392837;30026.794141517;28317451430.205322;561527914723.2085;"2021-06-01T00:00:00.000Z"
29452.1088408259;30251.5998136231;27464.5382970378;27526.4925685308;27683985445.10046;516608402945.2934;"2021-06-07T00:00:00.000Z"
32219.7067522148;33787.6040136447;32036.1121814067;33178.5148394818;35631812801.21294;622206608316.4653;"2021-06-14T00:00:00.000Z"
29974.7832504579;30407.7364273199;28178.5930466314;30071.7808460328;30902684407.13405;563847769700.1399;"2021-06-20T00:00:00.000Z"
27050.3255086267;29021.0410475208;26869.5577798756;29013.7412967899;29751475182.763523;544115745694.04333;"2021-06-27T00:00:00.000Z"
28533.3865384697;29422.4318834913;28152.6611107772;29219.5539753124;20551434327.464256;547786078726.83777;"2021-07-03T00:00:00.000Z"
28466.0236111871;28802.8055794732;27882.4908587297;28223.0710615646;19340249991.23343;529237539849.9178;"2021-07-10T00:00:00.000Z"
26957.9489147165;27281.7734773252;26353.8086962693;26616.2425782128;20064640744.30189;499015926169.00073;"2021-07-16T00:00:00.000Z"
27441.8767694852;28527.8294759102;27234.6231670314;28527.8294759102;19156542461.584606;535270791130.6355;"2021-07-23T00:00:00.000Z"
33763.8406070851;34189.9210418507;33224.7473029126;33643.081089847;22934287338.403145;633971970067.6659;"2021-07-29T00:00:00.000Z"
32195.8785845914;33745.9081543778;31713.3024304014;33576.1881453342;21377145271.7759;628791549207.988;"2021-08-04T00:00:00.000Z"
38908.4946566754;39816.8419312165;38689.5447793008;38829.9112276611;29283703602.977837;730732401535.496;"2021-08-11T00:00:00.000Z"
39000.2811121655;40059.1128167899;38036.6620062844;38170.5058371696;28400374103.99226;712991612296.0903;"2021-08-17T00:00:00.000Z"
42201.0991812029;42483.445383072;40572.1999914986;40591.2757398087;30109151232.623577;763521690371.4944;"2021-08-24T00:00:00.000Z"
41390.7119096223;41472.9156555008;39799.182409031;39888.6047194705;26992408501.61776;749864338223.6461;"2021-08-30T00:00:00.000Z"
43556.6283202606;44384.7328961464;42976.2718181851;44329.0694938796;32715725361.645603;832921966552.6569;"2021-09-06T00:00:00.000Z"
38263.0266332625;39252.5528025228;37910.7814495582;38997.0264945012;23599391653.973885;733523878804.5878;"2021-09-12T00:00:00.000Z"
41164.309103315;41215.0599326552;40012.693378714;40292.1236278987;22998424454.992683;758553629715.6705;"2021-09-19T00:00:00.000Z"
36551.9334637329;36685.9136489508;35631.0257039373;36447.2923535488;26965207954.98494;686138606821.5942;"2021-09-25T00:00:00.000Z"
37858.2335343027;41776.980005757;37424.3844512734;41501.776022432;37023511384.79985;782906111948.416;"2021-10-01T00:00:00.000Z"
46543.6447128566;48419.5150432473;46490.4735309792;46648.6734208313;30105853221.918022;879505262288.601;"2021-10-08T00:00:00.000Z"
49472.9947114562;50443.3478901785;49136.9265397942;49455.8082592599;31574053205.26032;931429530075.7996;"2021-10-14T00:00:00.000Z"
56642.1256437802;57214.1321433061;53432.0283925336;53515.7414967573;39397661137.6132;1006380061027.3577;"2021-10-21T00:00:00.000Z"
52043.2786173807;52939.0057428672;50162.4785379851;50421.9358574328;37646763460.26223;950940002738.2572;"2021-10-27T00:00:00.000Z"
54627.8984529099;54845.9228493899;52820.1709930903;54214.6290618576;31198149000.411564;1025818555863.9941;"2021-11-03T00:00:00.000Z"
58290.288026313;59153.0591854592;57269.1316730041;57763.737508685;36551727647.929756;1090448680333.9196;"2021-11-09T00:00:00.000Z"
57267.2449172256;57891.7811803307;55891.9901945301;55914.4018895716;26709123310.23297;1048490089137.2769;"2021-11-15T00:00:00.000Z"
52066.1067021806;52559.1254139867;49562.7974570848;50071.628934267;31072940795.36108;942555043828.2924;"2021-11-22T00:00:00.000Z"
48421.3875173608;50827.2419060652;47329.2598073536;50696.086072419;24838232472.53286;955106130282.4977;"2021-11-28T00:00:00.000Z"
43487.3032554399;43988.12592234;42299.3750428625;43672.8669963053;32878039276.751442;824373058130.1249;"2021-12-05T00:00:00.000Z"
41758.7301421642;43702.5627329025;41473.9867807411;43617.9957913117;22773212475.208347;824201708935.1516;"2021-12-11T00:00:00.000Z"
41119.7925277179;42094.1671895419;40567.4752421306;41680.4197127798;23218815860.802364;787934490875.9655;"2021-12-18T00:00:00.000Z"
44868.70302305;45774.1190166409;44604.0458863901;44886.0115027275;21520204901.528793;848740180874.566;"2021-12-24T00:00:00.000Z"
41659.1882293957;42793.9708947453;40254.15885374;40712.7200439697;32654960502.37838;773614748849.6465;"2021-12-31T00:00:00.000Z"
38517.1837936469;38691.01825328;37721.0044647409;38203.507342258;26707569861.256973;722048703969.1202;"2022-01-06T00:00:00.000Z"
37605.1669520536;38559.4825927967;37401.8194263841;38415.8210121146;29473715057.319077;731861819310.5146;"2022-01-12T00:00:00.000Z"
37402.3791751003;37446.6646789211;36389.5295860547;36800.8828138587;20382258670.537033;697669621836.726;"2022-01-19T00:00:00.000Z"
32369.7491474426;33179.3707872718;31627.0114145708;32693.3533974643;23338654945.73371;618086119818.5815;"2022-01-25T00:00:00.000Z"
34269.2049953863;34795.5699932043;33847.9819210011;34367.7623384755;18067538485.184498;653684684414.9216;"2022-02-01T00:00:00.000Z"
37021.6713861094;38824.9894533023;36446.974550082;38316.4104675162;25004712567.74324;725333146781.5901;"2022-02-07T00:00:00.000Z"
37095.8131812373;37829.5722984505;36708.2566999173;37667.1509631937;18327116072.30646;710439080350.8419;"2022-02-14T00:00:00.000Z"
35433.5902481154;35435.1707393157;33679.3027493225;33958.772761765;16198984020.826317;643710420924.7208;"2022-02-20T00:00:00.000Z"
34686.5671339069;35290.0478419233;33453.7522886297;33728.5356238805;20803874511.389793;634627384506.3944;"2022-02-27T00:00:00.000Z"
35816.603447525;36198.9244488287;35476.8004011488;36057.1687698383;15531131067.317808;684008586295.3943;"2022-03-05T00:00:00.000Z"
35811.2951348586;36400.6179132255;34878.102536763;35546.0493171076;23939188717.994606;668604905592.5284;"2022-03-11T00:00:00.000Z"
36890.0740080099;38172.7602588691;36513.0859794622;37777.1245573725;31012797365.397232;715089236366.8057;"2022-03-18T00:00:00.000Z"
38967.5859811799;40167.3135302228;38893.7112046926;39933.2763330256;28206221569.772816;758644848651.4507;"2022-03-24T00:00:00.000Z"
42165.6125849519;42784.6765207028;40993.9189390506;41124.7951229643;29859908280.47008;775183029924.0586;"2022-03-31T00:00:00.000Z"
41761.4414417657;41761.4414417657;39635.3769062152;39647.1073826806;36121380333.65619;752928414738.5297;"2022-04-06T00:00:00.000Z"
37061.7401533863;38045.6330311788;36706.2536016521;37784.1437926974;25577996987.838783;722895603702.7396;"2022-04-13T00:00:00.000Z"
37871.765281191;38643.4624557475;37656.9264824075;38444.4957465143;23470976057.5768;732078677661.941;"2022-04-19T00:00:00.000Z"
37756.2970065146;38091.4265131194;35609.5379808106;35814.5960104239;32268273598.16565;676852104607.7981;"2022-04-26T00:00:00.000Z"
36518.6079543687;37167.5270125386;36357.8615751914;36660.1930506206;31250863566.088856;695941049505.5955;"2022-05-02T00:00:00.000Z"
33657.4973720351;33657.4973720351;32143.2435774319;32338.1133909487;34852098991.7456;614603376954.2516;"2022-05-08T00:00:00.000Z"
28907.886539207;30108.9623964761;28359.6229616535;30106.0015368459;24813324745.734062;572493865032.2981;"2022-05-15T00:00:00.000Z"
27636.4693554969;28004.6511897182;27473.2381258681;27856.3951531703;16349928209.421606;530552539954.15045;"2022-05-21T00:00:00.000Z"
26874.4955203312;27148.2659143086;26606.573525545;27043.5056852266;17938927389.281593;515235385360.97516;"2022-05-28T00:00:00.000Z"
28338.1071415182;28471.8738934986;27401.0848428913;27708.9394588755;24345876684.695953;526518524780.9199;"2022-06-03T00:00:00.000Z"
28354.4757642791;28450.8408651905;27545.0038125032;27648.1699523182;28125784500.785576;522123296953.43286;"2022-06-10T00:00:00.000Z"
21590.1497523602;21868.6573940081;19215.7909984187;19324.8014525598;29821828413.22811;371687571656.4002;"2022-06-16T00:00:00.000Z"
18918.3429386086;20078.3400523348;18883.2239097329;20044.783062283;24788369567.020397;380721705131.52484;"2022-06-23T00:00:00.000Z"
19273.3373071455;19340.897981185;18932.6672167333;19245.862844415;22382334002.81427;364535932148.47687;"2022-06-29T00:00:00.000Z"
19386.3046491135;20098.140796516;18851.3003768567;19685.3416126706;25607252523.416874;369363544731.0038;"2022-07-05T00:00:00.000Z"
19879.3497454102;20018.1305351151;19244.0594331721;19265.5373093258;25692447983.759274;367253303754.6792;"2022-07-12T00:00:00.000Z"
20580.2230528504;22271.1991306788;20580.2230528504;22160.568671279;39586523276.61145;425244708326.5757;"2022-07-18T00:00:00.000Z"
22164.9595842768;22215.0736046992;20894.0157176806;20894.0715357789;34878722985.05552;400096676586.61664;"2022-07-25T00:00:00.000Z"
23128.6966646386;23587.8788712881;22783.9101823186;22855.7354914006;23032398014.769875;436073290132.63434;"2022-07-31T00:00:00.000Z"
22541.2073638016;22955.0150143396;22473.5253460841;22783.6620723508;15594658477.373037;434867918670.09766;"2022-08-07T00:00:00.000Z"
23777.9063085571;24224.0556898799;23723.2680600256;23799.2269038263;22399261008.72283;455059805597.3739;"2022-08-13T00:00:00.000Z"
20797.971288625;21274.2209569699;20779.8534238762;21088.042297485;27496685328.531464;403395936326.3017;"2022-08-20T00:00:00.000Z"
21659.318652358;21725.2110693296;20272.4641173573;20333.2180968044;42450722403.4022;388771191713.5209;"2022-08-26T00:00:00.000Z"
19974.5273303819;20143.3101857013;19757.4662567867;20224.7166454572;30067671294.36369;383748751560.7848;"2022-09-01T00:00:00.000Z"
19297.3479062995;19418.8273119463;19196.4209070983;19310.7563863474;32206840529.444336;370213846310.6445;"2022-09-08T00:00:00.000Z"
20228.4971021079;20493.3994506164;19821.5627216962;20277.402316935;37954829062.19547;388475783500.3146;"2022-09-14T00:00:00.000Z"
18945.7842406681;19916.2938158401;18590.477550779;18865.0981703123;46497553520.17673;356339938982.4361;"2022-09-21T00:00:00.000Z"
19981.5839669227;21103.3034172079;19736.343925459;19915.5018822662;60886475769.899475;380676896296.57196;"2022-09-27T00:00:00.000Z"
19955.753107487;20408.2856343945;19902.1730978803;20369.7479610979;36494742651.12798;396442164917.3464;"2022-10-04T00:00:00.000Z"
19975.669889117;20015.4925905045;19685.0852230132;19710.3492532977;28171422193.395943;377038792803.8015;"2022-10-10T00:00:00.000Z"
19783.1097846874;20058.7574625036;19695.7889214687;19860.8909629618;28206180053.60759;385038736208.7711;"2022-10-17T00:00:00.000Z"
19484.7101844393;19933.8659404325;19399.967885078;19839.8106151966;22447891549.442482;380858169634.62665;"2022-10-23T00:00:00.000Z"
20667.3720613512;21062.0427466203;20638.6524112449;20891.5281972999;40511498416.05414;400970056114.37006;"2022-10-29T00:00:00.000Z"
21181.8983553484;21482.2734587505;21134.6195719947;21317.8077365548;37912391730.68906;409329989952.2598;"2022-11-05T00:00:00.000Z"
17252.3180365155;17331.9914935127;16080.8439050953;16424.141788921;54820056794.40333;320982669382.7145;"2022-11-11T00:00:00.000Z"
16106.5047357957;16340.9638044546;16029.2434305322;16141.6915781163;25926338912.24735;309605093195.94495;"2022-11-18T00:00:00.000Z"
15945.0624874799;16096.6246223439;15832.6708655633;15953.9352874808;25080557530.149162;306270699339.68884;"2022-11-24T00:00:00.000Z"
16470.9984188398;16385.8269755739;16049.2545586425;16116.9615004433;21965862826.585068;312901080463.29266;"2022-12-01T00:00:00.000Z"
16326.1009355911;16359.9012127756;16019.4130224189;16027.4721802243;18796484399.30006;309472586684.27704;"2022-12-07T00:00:00.000Z"
16736.9614614143;17154.3879657248;16554.7732731739;16534.1379702463;24377895411.692234;319567069109.87946;"2022-12-14T00:00:00.000Z"
15493.1450270945;15982.2190009566;15492.8751748696;15911.11555421;21411099806.378178;306496739787.6392;"2022-12-20T00:00:00.000Z"
15857.4998356352;15903.1226889335;15816.2371489249;15902.8233650842;11191939267.866007;306566549518.9552;"2022-12-26T00:00:00.000Z"
15528.8252264802;15699.3490321567;15475.9759113343;15630.7393542903;11299757581.636665;300070696130.6748;"2023-01-02T00:00:00.000Z"
15899.2248704959;16028.5538184768;15871.0018302255;16028.5538184768;9160991903.760176;308636381079.2985;"2023-01-08T00:00:00.000Z"
19345.6666771552;19360.6659785517;19003.9903081113;19293.4408468321;17797203718.923393;370945232949.879;"2023-01-15T00:00:00.000Z"
20849.6267353977;21404.3702719883;20697.3793834178;20940.3597337422;29827430788.0547;403521580599.55585;"2023-01-21T00:00:00.000Z"
21229.7820718109;21304.9099702147;21070.4573529855;21182.8908833062;13533481188.471874;408349163067.2103;"2023-01-28T00:00:00.000Z"
21522.3196373101;21859.9794701408;21548.5323131649;21701.1746946232;24836173602.081284;414610287989.38525;"2023-02-03T00:00:00.000Z"
20316.7460093536;20457.6981623054;20174.6569007731;20256.5227795583;25214031221.475483;388837016584.94275;"2023-02-10T00:00:00.000Z"
22735.1021723053;23541.4437360663;22128.7101888366;22149.2751793059;36773584096.95704;426290621734.72363;"2023-02-16T00:00:00.000Z"
22942.8259656907;22972.3321641397;22263.1585407393;22807.732609254;28352964977.78014;438270580263.06506;"2023-02-22T00:00:00.000Z"
21888.7181059287;22427.1616486476;21846.8280014737;22164.5023842161;23318198434.51882;431618880190.2379;"2023-03-01T00:00:00.000Z"
20987.4372460856;21080.2572681391;20865.4442161309;21064.6965955578;21302908492.578094;401524170044.5657;"2023-03-07T00:00:00.000Z"
22569.8893278835;24711.3982216665;22474.36573923;23069.6023389348;50939162428.47376;445803989441.9879;"2023-03-14T00:00:00.000Z"
26254.3984608847;26762.2289537687;25536.7680560181;25905.3042995955;41920399784.44142;502356382665.9504;"2023-03-20T00:00:00.000Z"
25973.9040056389;26039.5226949241;24671.8505769768;25114.8186079286;16876311746.124275;486757509663.1929;"2023-03-27T00:00:00.000Z"
26190.7982148669;26242.432552939;25746.6045112558;26103.366588842;11304020451.742666;501721692683.57733;"2023-04-02T00:00:00.000Z"
25423.9641553099;26150.9663891027;25311.2839530342;25962.4804162403;11074016288.744762;498445024653.574;"2023-04-09T00:00:00.000Z"
27460.4871374823;27560.4474215447;27242.4053704376;27307.8095686313;10753984242.73595;528286045131.85175;"2023-04-15T00:00:00.000Z"
25756.0106172322;25848.9620432692;24491.8339474968;24581.5418567978;18927311996.724365;481293446475.9087;"2023-04-21T00:00:00.000Z"
26724.2734403806;26802.7378677206;26304.9987365286;26368.0939070947;15903899520.108149;514880549049.7683;"2023-04-28T00:00:00.000Z"
26228.1287841927;26550.0729373121;26056.6264277352;26170.3266302149;14047344762.317179;504678784510.76715;"2023-05-04T00:00:00.000Z"
25149.8282293953;25148.0103741264;24538.3133541764;24743.68437603;15228016890.583714;476228115182.4113;"2023-05-11T00:00:00.000Z"
24881.3649761886;25338.4720606837;24603.936974467;25280.463649173;13933696593.402428;488590413323.1757;"2023-05-17T00:00:00.000Z"
25279.4057679213;25279.4057679213;24262.3819438842;24484.9815785998;15134533416.832901;473969709556.2176;"2023-05-24T00:00:00.000Z"
25913.9454454459;26131.1817026869;25720.6783630057;25813.7965517565;12376510449.19825;501657436325.42706;"2023-05-30T00:00:00.000Z"